Africa|['æfrikə]|n.非洲|0|0
America|[ə'merikə]|n.美国|1|0
August|[ɔːˈɡʌst]|n.八月|1|0
Australia|[ɔ:s'treiljə]|n.澳大利亚|0|0
Australian|[ɔ:s'treiljən]|adj.澳大利亚人|0|0
BASIC|[ˈbeɪsɪk]|n. (电脑)初学者通用符号指令码|0|0
Berlin|[bə:'lin]|n.柏林|0|0
Boston|[ˈbɔːstən]|n.波士顿(美国马萨诸塞州的首府)|0|0
Brazil|[brə'zɪl]|n.巴西|0|0
Britain|[britən]|n.英国，不列颠|0|0
British|[ˈbrɪtɪʃ]|adj.英国人的|0|0
CD player|[ˌsiː ˈdiː ˈpleɪər]|phr.激光唱机|0|0
Canada|['kænədə]|加拿大|0|0
Canadian|[kə'neidiən]|n.加拿大人|0|0
Canon|[ˈkænən]|n.佳能（照相机牌名）|0|0
China|[ˈtʃaɪnə]|n. 中国|0|0
Chinese|['tʃai'ni:z]|adj. 中国的,中国人的；n. 中国人,汉语|0|0
Christmas|['krisməs]|n.圣诞节|0|0
DVD|[di: vi: di:]|n.光碟,影碟|0|0
December|[dɪˈsɛmbər]|n.十二月|0|0
England|[ˈɪŋɡlənd]|n. 英格兰|0|0
English|['iŋgliʃ]|n. & adj. 英语,英国人|0|0
Englishman|['iŋgliʃmən]|n(pl.Englishmen)英国(男)人|0|0
February|[ˈfɛbrʊəri]|n. 二月|0|0
France|[frɑ:ns]|n.法国|0|0
French|[frentʃ]|n.法语|0|0
Frenchman|[frentʃmən]|n.法国人|0|0
Friday|['fraidi]|n.星期五|0|0
Germany|[dʒə:məni]|n.德国|0|0
Gobi Desert|[gəubi dezət]|n.戈壁沙漠|0|0
Here you are|[hɪr ju: ɑr]|phr. 给你|0|0
Hong Kong|[hɔːŋ kɔːŋ]|n. 香港|0|0
How are you？|[haʊ ɑr ju:]|询问句 你(身体)好吗?|0|0
How do you do ?|[haʊ də juː duː]|phr. 你好!|0|0
I|[ai]|pron. 我|0|0
I'll|[aɪl]|I will 的缩写形式|0|0
I'm|[aim]|phr. I am 的缩写形式|0|0
ID|[aɪ diː]|n. 身份征|0|0
Indian|['indiən]|n. & adj.印度人(的),印第安人(的)|0|0
Internet|['intə,net]|n.因特网，互联网络|0|0
It's|[its]|phr. it is 的缩写形式|0|0
Italian|[i'tæljən]|n. & adj.意大利人(的),意大利语(的)|0|0
Italy|['itəli]|n.意大利|0|0
Its|[its]|pron. 它的|0|0
January|[ˈdʒænjuˌɛri]|n.一月|0|0
Japan|[dʒə'pæn]|n.日本|0|0
Japanese|[,dʒæpə'ni:z]|adj. 日本的,日本人；n. 日本人，日语|0|0
July|[dʒʊˈlaɪ]|n.七月|0|0
June|[dʒun]|n.六月|0|0
Let me see|[lɛt miː siː]|phr. 让我想想|0|0
Let's go|[lets ɡəʊ]|phr. 我们一起去|0|0
London|[ˈlʌndən]|n. 伦敦|0|0
Macao|[məˈkaʊ]|n. 澳门|0|0
March|[mɑrtʃ]|n.三月|0|0
Microsoft|[ˈmaɪkrəˌsɒft]|n. 微软公司|0|0
Miss|[miss]|n. 女士,小姐(对未婚妇女的称呼)|0|0
Monday|['mʌndei]|n.星期一|0|0
Moscow|['mɔskəu]|n.莫斯科|0|0
Mr|[mistə]|n. 先生(用于姓名前)|0|0
Mrs|['mɪsɪz]|n. 夫人|0|0
Ms|[mɪz]|n.女士(用于婚姻状况不明的女名)|0|0
New York|['nju:leid]|n.纽约|0|0
No|[nəʊ]|n. number 的缩写形式|0|0
November|[nəu'vembə]|n.十一月|0|0
OK|[ə'kei]|adv. (口语)好,对,不错,可以|0|0
October|[ɔk'təubə]|n.十月|0|0
Olympic|[əˈlɪmpɪk]|adj.奥林匹克的|0|0
PE|[piːˈiː]|n. 体育|0|0
Peking opera|[ˈpiːkɪŋ ˈɑpərə]|n.京剧|0|0
Rome|[rəum]|n.罗马(意大利首都)|0|0
Russian|[ˈrʌʃən]|n & adj. 俄国的,俄国人(的), 俄语(的)|0|0
SAR|[ˌɛs ˌeɪ ˈɑːr]|n. 特别行政区|0|0
Saturday|['sætədi]|n.星期六|0|0
Scotland|[ˈskɑtlənd]|n.苏格兰|0|0
September|[sep'tembə]|n.九月|0|0
Spring Festival|[spriŋ 'festivəl]|n.春节|0|0
Sunday|['sʌndi]|n.星期日|0|0
Sydney|[ˈsɪdni]|n. 悉尼|0|0
T-shirt|[ˈtiːʃɜːt]|n. 短袖无领汗衫,T恤(衫)|0|0
TV|[ˌtiːˈviː]|n. 电视,电视机|0|0
Thanksgiving&=&Thanksgiving Day|[θæŋks'giviŋ deɪ]|phr.感恩节|0|0
This way,please.|[ðɪs weɪ pliːz]|phr. 请走这边|0|0
Thursday|['θə:zdi]|n.星期四|0|0
Titanic|[taɪˈtænɪk]|n.泰坦尼克(船名)|0|0
Tokyo|[ˈtoʊkioʊ]|n. 东京|0|0
Toronto|[tə'rɔntəu]|n.多伦多(加拿大港市)|0|0
Tuesday|[ˈtjuːzdeɪ]|n. 星期二|0|0
Turkey|[tə:ki]|n.土耳其|0|0
USA|[ˌjuːˌɛsˈeɪ]|n.美国|0|0
Washington|[ˈwɒʃɪŋtən]|n. 华盛顿|0|0
Wednesday|['wenzdi]|n.星期三|0|0
What about...?|[wʌt əˈbaʊt]|phr. (询问消息,征求意 见)…怎么样?|0|0
Young Pioneer|[jʌŋ ˈpaɪəˌnɪr]|n. 少先队员|0|0
a|[ei]|art. 一(个,件...)|0|0
a TV set|[ə ti:vi: set]|phr.一台电视|0|0
a bit|[ə'bit]|phr.一点儿|0|0
a bit (of)|[ə bit (əv)]|phr.少量(的),一点|0|0
a bottle of|[ə ˈbɒtl ʌv]|phr. 一瓶...|0|0
a few|[ə fju:]|phr.一些,几个|0|0
a place of interest|[ə pleɪs ʌv ˈɪntrəst]|phr.名胜|0|0
a.m.|[ˌeɪ ˈɛm]|n. 午前,上午|0|0
able|['eibl]|adj.有能力的，能干的|0|0
about|[əˈbaʊt]|adv. 大约|0|0
above|[əˈbʌv]|prep.在...上面|0|0
abroad|[əˈbrɔːd]|adv.到国外；在国外|0|0
accident|[ˈæksɪdənt]|n.事故,灾难|0|0
across|[ə'krɔ:s]|prep.穿过,横过|0|0
active|[ˈæktɪv]|adj. 积极的|0|0
activity|[æk'tɪvəti]|n.活动|0|0
ad|[æd]|n.广告|0|0
address|[əˈdrɛs]|n. 地址|0|0
aeroplane|[ɛərəplein]|n.飞机|0|0
afford|[əˈfɔːrd]|v. 有足够的(钱/时间)做(某事)|0|0
afraid|[ə'freid]|adj.害怕的|0|0
after|[ˈɑːftər]|prep. 在...以后,在...后面|0|0
after a while|[ˈɑːftər ə waɪl]|phr.过了一会儿|0|0
afternoon|[ˌæftərˈnuːn]|n. 下午,午后|0|0
again|[ə'gen]|adv.又,再|0|0
again and again|[əˈgɛn ənd əˈgɛn]|phr.再三地,一再地,反复地|0|0
against|[ə'genst]|prep.与…对抗，对着|0|0
age|[eɪdʒ]|n. 年龄|0|0
agree|[ə'gri:]|v.同意,赞成|0|0
air|[ɛə]|n.天空,空气|0|0
alike|[ə'laik]|adj.相似的，相像的|0|0
alive|[əˈlaɪv]|adj.活着的|0|0
all|[ɔ:l]|adv.全体;全部|0|0
all by oneself|[ɔːl baɪ wʌnˈsɛlf]|phr.独立,单独|0|0
all over|[ɔːl ˈoʊvər]|phr.遍及|0|0
all right|[ɔ:l raɪt]|phr. 好,行,不错|0|0
all the year round|[ɔl ðə jɪr raʊnd]|phr.一年到头|0|0
allow|[ə'lau]|v.允许，准许|0|0
almost|[ˈɔːlməʊst]|adv. 几乎,差不多|0|0
alone|[əˈləʊn]|adv.独自的,单独的|0|0
along|[ə'lɔŋ]|prep.沿着,顺着 一起,一道|0|0
already|[ɔːlˈrɛdi]|adv.已经|0|0
also|['ɔ:lsəu]|adv.也|0|0
although|[ɔːlˈðoʊ]|conj.虽然；尽管|0|0
am|[æm]|v. 是|0|0
amaze|[ə'meiz]|v.使…大为惊讶，使惊|0|0
amazing|[əˈmeɪzɪŋ]|adj.令人惊奇的|0|0
among|[əˈmʌŋ]|prep.在……当中|0|0
an|[æn]|art. 一(个;件.)|0|0
and|[ænd]|conj. 和,又,而|0|0
angel|[eindʒəl]|n.天使，守护神|0|0
angry|[ˈæŋɡri]|adj.发怒的,生气的|0|0
animal|[ˈænɪməl]|n. 动物|0|0
another|[ə'nʌðə]|adj&conj.另一个(的),又一个(的)|0|0
answer|[ˈænsər]|v. 回答|0|0
any|[ˈɛni]|adj. (用于否定句,疑问句等)什么,任何|0|0
any more|[ˈeni mɔːr]|phr.再,更|0|0
anybody|[ˈɛnɪbɒdi]|pron.任何人|0|0
anyone|[ˈɛniwʌn]|pron.任何人|0|0
anything|['eni,θiŋ]|pron.任何事(物)|0|0
anytime|[ˈɛniˌtaɪm]|adv.在任何时候|0|0
anywhere|[ˈɛnɪhwɛə]|adv.任何地方|0|0
appear|[ə'piə]|v.出现，露面|0|0
apple|['æpl]|n. 苹果|0|0
are|[ɑ:]|v. 是|0|0
aren't|[ɑ:nt]|are not 的缩写形式|0|0
arm|[ɑːrm]|n. 手臂;胳膊|0|0
around|[ə'raund]|prep.在...周围,环绕着|0|0
arrive|[əˈraɪv]|v.到达,抵达某地|0|0
art|[ɑːrt]|n.艺术,艺术品|0|0
artist|['ɑ:tist]|n.画家,艺术家|0|0
as|[æz]|prep.作为|0|0
as if|[æz ɪf]|conj.好像，似乎|0|0
as soon as|[æz suːn æz]|conj.一...就|0|0
as well|[əz wel]|adv.又，同样地|0|0
ask|[ɑːsk]|v. 问|0|0
asleep|[əˈsliːp]|adj.睡着的,熟睡的|0|0
assistant|[ə'sistənt]|n.助手,助理|0|0
at|[æt]|prep. 在|0|0
at all|[æt ɔːl]|phr.（用否定句）一点也不|0|0
at home|[ət həum]|phr. 在家|0|0
at last|[ət lɑ:st]|phr.终于，最后|0|0
at least|[æt list]|phr.至少，起码|0|0
at midnight|[æt ˈmɪdnaɪt]|phr.在半夜|0|0
at once|[æt wʌns]|phr.立刻,马上|0|0
at school|[ət sku:l]|phr. 在学校|0|0
at sea|[æt siː]|phr.在大海上|0|0
at the beginning of|[æt ðə bɪˈɡɪnɪŋ ʌv]|phr.…起初，开始|0|0
at the end of|[æt ði ɛnd ʌv]|phr.在...结尾,到...尽头|0|0
at the head of|[æt ðə hɛd əv]|phr.在...的最前|0|0
at the moment|[æt ðə ˈmoʊmənt]|phr.此刻|0|0
at times|[æt taɪmz]|phr.有时,偶尔|0|0
at work|[æt wɜːrk]|phr. 在工作|0|0
attack|[ə'tæk]|n & v 攻击，袭击|0|0
attract|[əˈtrækt]|v.吸引|0|0
audience|[ɔ:diəns]|n.听众|0|0
aunt|[ænt]|n. 姨母,舅母,姑母,伯母,婶母|0|0
autumn|['ɔ:təm]|n.秋天,秋季|0|0
awake|[əˈweɪk]|adj.清醒的|0|0
away|[ə'wei]|adv.离开|0|0
baby|['beibi]|n.婴儿,幼畜|0|0
back|[bæk]|n.背部,后面|0|0
bad|[bæd]|adj.坏的|0|0
badly|['bædli]|adv.严重地，恶劣地|0|0
bag|[bæg]|n. 书包|0|0
baker|['beikə]|n.面包师|0|0
ball|[bɔːl]|n. 球|0|0
bamboo|[bæm'bu:]|n.竹子|0|0
banana|[bə'nɑ:nə]|n. 香蕉|0|0
bang|[bæŋ]|v. 猛敲,猛撞,砰砰作响|0|0
bank|[bæŋk]|n.(海,河,湖的)岸,堤|0|0
barn|[bɑ:n]|n.谷仓，堆物房；马房，牛舍|0|0
base|[beis]|v.以…作根据，基于|0|0
base on|[beis ɔn]|phr.以…（为）根据|0|0
baseball|[ˈbeɪsˌbɔl]|n.棒球|0|0
basket|[ˈbɑːskɪt]|n. 篮子|0|0
basketball|['bæs.kɪtˌbɔl]|n.蓝球|0|0
be|[bi:]|v.(am,is,are)是,成为|0|0
be afraid of|[bi əˈfreɪd ʌv]|phr.害怕|0|0
be awake|[biː əˈweɪk]|phr.醒着的|0|0
be busy doing|[bi 'bɪzi 'duɪŋ]|phr.忙于做…|0|0
be excited about|[bi ɪkˈsaɪtɪd əˈbaʊt]|phr.对…感到兴奋|0|0
be famous for|[bi 'feiməs fɔ:]|phr.因...而有名的|0|0
be filled with|[bi fild wið]|phr.用…充满|0|0
be full (of)|[bi fʊl]|(phr. 充满....的|0|0
be late for|[bi leit fɔ:]|phr.迟到|0|0
be made in|[bi meid in]|phr.在…生产或制造|0|0
be made of|[bi meid ɔv]|phr.由…组成，由…构成|0|0
be pleased with|[bi pliz wɪð]|phr.对…感到满意|0|0
be proud of|[bi praʊd ʌv]|phr.以……自豪（兴奋）|0|0
be used for|[bi ju:zd fɔ:]|phr.用于|0|0
be/get lost|[bi/get lɔst]|phr.迷失(道路)|0|0
beach|[biːtʃ]|n.海（河、湖）滩|0|0
bear|[bɛə]|n.熊|0|0
beat|[bit]|v.打败，敲打|0|0
beautiful|['bju:təfəl]|adj.美丽的,漂亮的|0|0
because|[bi'kɔ:z]|conj.因为|0|0
become|[bɪˈkʌm]|v.变得,变成,成为|0|0
bed|[bed]|n. 床|0|0
bedroom|[ˈbɛdruːm]|n. 卧室|0|0
beef|[bi:f]|n.牛肉|0|0
beeper|[bi:pə]|n.袖珍无线电传呼机,电话呼叫机|0|0
beer|[biə]|n.啤酒|0|0
before|[bi'fɔ:]|prep&adv.在..之前,以前|0|0
before long|[bɪˈfɔr lɔŋ]|phr.不久以后|0|0
beg|[beɡ]|v.恳求，乞求|0|0
beg one's pardon|[beɡ wʌnz ˈpɑrdn̩]|phr.请原谅，对不起|0|0
begin|[bi'gin]|v.开始,着手|0|0
beginning|[bɪˈɡɪnɪŋ]|n.开始，开端|0|0
behind|[bɪˈhaɪnd]|prep. 在...后面|0|0
believe|[bɪˈliːv]|v.相信,认为|0|0
below|[bɪˈloʊ]|prep.在...下,低于|0|0
beside|[bɪˈsaɪd]|prep. 在...旁边|0|0
best|[best]|adj&adv.最好的(地)|0|0
better|['betə]|adj.(good或well的比较级)更好的|0|0
between|[bɪˈtwiːn]|prep. 在(两者)之间|0|0
big|[bɪɡ]|adj. 大的|0|0
bike|[baik]|n. 自行车|0|0
bill|[bil]|n.帐单,清单,纸币|0|0
billion|[ˈbɪljən]|n. 十亿|0|0
biology|[baɪˈɒlədʒi]|n. 生物(学)|0|0
bird|[bə:d]|n. 鸟|0|0
birthday|['bə:θdei]|n.生日|0|0
bit|[bit]|n.一点儿,小片|0|0
black|[blæk]|adj. 黑色的|0|0
blackboard|[ˈblækbɔːrd]|n. 黑板|0|0
bleat|[bli:t]|v&n.羊叫(声)|0|0
blind|[blaɪnd]|adj. 瞎的,盲的|0|0
blouse|[blaʊz]|n. 女衬衫|0|0
blow|[bləu]|v.吹|0|0
blue|[bluː]|adj & n. 蓝色(的)|0|0
boat|[bəut]|v.划船|0|0
boating|['bəutiŋ]|n.划船|0|0
body|[ˈbɑdi]|n.身体|0|0
book|[buk]|v.预定（戏票、车票等）|0|0
bookmark|[ˈbʊkmɑːrk]|n.书签|0|0
bookshop|['bukʃɔp]|n.书店|0|0
boot|[buːt]|n. 长统鞋|0|0
boring|[ˈbɔrɪŋ]|adj.令人厌烦的|0|0
borrow|['bɔrəu]|v.借|0|0
both|[bəuθ]|adj. & pron.两个(人....)都|0|0
both…and…|[boʊθ … ənd …]|phr....和...都|0|0
bottle|[ˈbɒtl]|n. 瓶|0|0
bowl|[bəul]|n.碗|0|0
box|[bɔks]|n. 盒子,箱子|0|0
boy|[bɔi]|n. 男孩|0|0
bread|[bred]|n.面包|0|0
break|[breɪk]|v.折断,断裂,破碎|0|0
breakfast|[ˈbrɛkfəst]|n. 早餐|0|0
breathe|[briːð]|v.呼吸|0|0
bridge|[brɪdʒ]|n. 桥牌|0|0
bright|[braɪt]|adj. 明亮的,晴朗的|0|0
brightly|[ˈbraɪtli]|adv. 明亮地,闪亮地|0|0
bring|[briŋ]|v.带来,拿来|0|0
brochure|[brəu'ʃjuə]|n.小册子|0|0
broke|[brəuk]|v.折断;打破|0|0
broken|['brəukən]|adj.弄坏了的|0|0
broom|[brʊm]|n. 扫帚|0|0
brother|[ˈbrʌðər]|n. 兄,弟|0|0
brown|[braʊn]|adj & n. 棕色(的),褐色(的)|0|0
brush|[brʌʃ]|n.刷子，毛笔，画笔|0|0
build|[bild]|v.建立，建造，建设|0|0
building|['bildiŋ]|n.建筑物|0|0
bus|[bʌs]|n. 公共汽车|0|0
business|[ˈbɪznəs]|n.商业；生意；事务|0|0
businessman|['biznismæn]|n.商人|0|0
busy|['bizi]|adj.忙的,繁忙的|0|0
but|[bʌt]|prep.除了|0|0
butter|['bʌtə]|n.黄油|0|0
button|['bʌtn]|n.按钮，纽扣|0|0
buy|[bai]|v.买|0|0
by|[bai]|prep.乘车(船等)|0|0
by the time|[baɪ ðə taɪm]|phr.到…的时候|0|0
bye|[baɪ]|int. 再见|0|0
cabbage|['kæbidʒ]|n.卷心菜,洋白菜|0|0
cafe|[kə'fei]|n.小餐馆,咖啡厅|0|0
cage|[keidʒ]|n.笼(子),鸟笼|0|0
cake|[keik]|n. 蛋糕,饼,糕|0|0
call|[kɔ:l]|v&n.称呼,叫喊,打电话给 电话,通话|0|0
camera|[kæmərə]|n.照相机|0|0
can|[kæn]|v.aux. 能,可以,会|0|0
can't|[kænt]|v.aux. can not 的缩写形式|0|0
cancer|[ˈkænsə]|n.癌症|0|0
candle|['kændl]|n.蜡烛|0|0
canoe|[kəˈnuː]|v.乘独木舟|0|0
cap|[kæp]|n. 便帽,军帽|0|0
capital|['kæpitl]|n.首都|0|0
captain|[ˈkæptən]|n.（足球队等）队长|0|0
car|[kɑ:]|n. 汽车,小汽车|0|0
card|[kɑːrd]|n.纸牌,卡片|0|0
care|[kɛə]|n.小心,照料,保护|0|0
careful|[ˈkɛəfʊl]|adj. 小心的;仔细的|0|0
carefully|[ˈkɛəfʊli]|adv. 小心地;仔细地|0|0
careless|[ˈkɛrləs]|adj.粗心的,大意的|0|0
carrot|['kærət]|n.胡萝卜|0|0
carry|[ˈkæri]|v. 携带;搬运;运送|0|0
carry on|[ˈkæri ɒn]|phr.坚持下去，继续下去|0|0
cat|[kæt]|n. 猫|0|0
catch|[kætʃ]|v.捉;抓住|0|0
cause|[kɔːz]|v. 引起|0|0
celebrate|['selibreit]|v.庆祝|0|0
cent|[sent]|n.(货币)分|0|0
centre|['sɛntɚ]|n.中心|0|0
century|['sentʃuri]|n.世纪,百年|0|0
certainly|[ˈsɜːrtənli]|adv. 当然|0|0
chair|[tʃer]|n. 椅子|0|0
challenge|[ˈtʃælɪndʒ]|n.挑战|0|0
chance|[tʃɑ:ns]|n.机会|0|0
change|[tʃeɪndʒ]|v.变化,变更,改变|0|0
channel|[ˈtʃænəl]|n.海峡；航道；频道；波段|0|0
chart|[tʃɑːt]|n.图表|0|0
cheap|[tʃi:p]|adj.便宜的|0|0
check|[tʃɛk]|v. 检查,核对|0|0
check-out|[tʃɛk aʊt]|n.（购货时的）结帐台，收银台|0|0
cheese|[tʃi:z]|n.乳酪|0|0
chemistry|[ˈkɛmɪstri]|n. 化学|0|0
chess|[tʃes]|n.国际象棋|0|0
chicken|['tʃikin]|n.鸡,鸡肉|0|0
child|[tʃaɪld]|n. 小孩|0|0
children|['tʃɪldrən]|n. child的复数形式|0|0
chimney|[tʃimni]|n.烟囱，烟筒|0|0
chips|[tʃip]|n.(口语)炸士豆儿条|0|0
chocolate|['tʃɔkəlit]|n.巧克力,巧克力糖|0|0
choose|[tʃuːz]|v. 选择,挑选|0|0
chopsticks|['tʃɔpstiks]|n.(常用复数)筷子|0|0
church|[tʃə:tʃ]|n.教堂,教会|0|0
cinema|['sinimə]|n.电影院,电影|0|0
circle|[sə:kl]|v.环绕，绕行&n.圆，圈子|0|0
city|['siti]|n.城市|0|0
class|[klɑ:s]|n. 同一个班的学生|0|0
classmate|[ˈklɑːsmeɪt]|n. 同班同学|0|0
classroom|[ˈklæsruːm]|n. 教室|0|0
clean|[kli:n]|adj.干净的,清洁的|0|0
clean up|['kli:n ʌp]|phr.清除，收拾干净|0|0
cleaner|['kli:nə]|n.清洁工|0|0
clear|[kliə]|adj.清晰的;清楚的;明亮的|0|0
clearly|['kliəli]|adv.清楚地|0|0
clever|[ˈklɛvə]|adj.聪明的,机灵的|0|0
click|[klik]|n & v 咔哒声;发出咔哒声|0|0
climb|[klaim]|v.爬,攀登|0|0
clock|[kl∧k]|n. 钟|0|0
close|[kləuz]|v.关;闭|0|0
closed|[kləuzd]|adj.关着的|0|0
clothes|[kloʊðz]|n. 衣服|0|0
cloud|[klaʊd]|n.云|0|0
cloudy|[ˈklaʊdi]|adj.多云的,阴天的|0|0
club|[klʌb]|n.俱乐部，社团|0|0
coat|[kəʊt]|n. 外套,上衣|0|0
code|[kəud]|n.密码,符号|0|0
coffee|['kɔfi]|n.咖啡|0|0
coin|[kɔin]|n.硬币|0|0
coke|[kəuk]|n.(口语)可口可乐|0|0
collect|[kəˈlɛkt]|v.收集；搜集|0|0
college|['kɔlidʒ]|n.学院,高等专科学校|0|0
colour|[ˈkʌlər]|n.颜色；v. 给...着色|0|0
colourful|['kʌləfəl]|adj.颜色艳丽的|0|0
come|[kʌm]|v. 来|0|0
come down|[kʌm daʊn]|phr.下来，落|0|0
come in|[kʌm ɪn]|phr. 进来,进入|0|0
come on|[kʌm ɒn]|phr. 来吧,跟着来,赶快|0|0
come out|[kʌm aʊt]|phr.(花)开,发(芽),出来|0|0
come to oneself|[kʌm tuː wʌnˈsɛlf]|phr.苏醒,恢复知觉|0|0
come true|[kʌm truː]|phr.实现|0|0
come up with|[kʌm ʌp wɪð]|phr.找到；提出（答案，办法）|0|0
comfortable|['kʌmfətəbl]|adj.舒适的；舒服的|0|0
company|['kʌmpəni]|n.公司|0|0
competition|[kɒmpɪˈtɪʃən]|n.比赛；竞争|0|0
complain|[kəmˈpleɪn]|v.抱怨,发牢骚|0|0
composition|[,kɔmpə'ziʃən]|n.作文,作品|0|0
computer|[kəm'pju:tə]|n. 电脑,电子计算机|0|0
conductor|[kənˈdʌktə]|n. (汽车,电车上的)售票员,列车员|0|0
confidence|['kɔnfidəns]|n.信心，自信|0|0
confident|[ˈkɑnfɪdənt]|adj.有自信的，确信的|0|0
congratulation|[kənˌɡrætʃuˈleɪʃən]|n. (常用复数)祝贺,庆贺|0|0
connect|[kə'nekt]|v.连接，相连，联系|0|0
contribution|[,kɔntri'bju:ʃən]|n.贡献|0|0
conversation|[ˌkɑːnvərˈseɪʃən]|n.会话，谈话|0|0
cook|[kuk]|v&n.烹调,煮,烧;炊事员,厨师|0|0
cookie|[ˈkʊki]|n. 小甜饼|0|0
cool|[ku:l]|adj.（俚语）了不起|0|0
copy|[ˈkɒpi]|v.抄写|0|0
coral|['kɔrəl]|n.珊瑚|0|0
corn|[kɔ:n]|n.(美)玉米,谷类庄稼|0|0
corner|['kɔ:nə]|n.角落,(街道)拐角|0|0
correct|[kə'rekt]|adj.改正|0|0
cost|[kɔst]|v.价钱为，花费（金钱、时间等）|0|0
cotton|[kɔtn]|n.棉花|0|0
cough|[kɒf]|v.&n.咳嗽|0|0
could|[kʊd]|v.aux. (口语,表示许可或请求)可以,行|0|0
count|[kaʊnt]|v. 数,点数|0|0
country|['kʌntri]|n.乡村,郊外|0|0
countryside|[ˈkʌntrisɑɪd]|n.乡下，农村|0|0
cousin|[ˈkʌzn]|n.堂(表)兄弟,堂(表)姐妹|0|0
cover|['kʌvə]|v.覆盖|0|0
cow|[kau]|n.母牛,乳牛|0|0
crash|[kræʃ]|v.坠落，冲撞|0|0
cream|[kri:m]|n.奶油;乳脂|0|0
credit|[ˈkrɛdɪt]|n.信用|0|0
credit card|[ˈkrɛdɪt kɑrd]|n.信用卡|0|0
crop|[krɒp]|n.庄稼,收成|0|0
cross|[krɔːs]|v.越过；穿过|0|0
crossing|['krɔ:siŋ]|n.十字路口,交叉点|0|0
crow|['kroʊ]|v.拥挤|0|0
cry|[kraɪ]|v.哭,叫喊|0|0
cup|[kʌp]|n. 杯子|0|0
cupboard|['kʌbəd]|n.碗橱,小橱(柜)|0|0
cut|[kʌt]|v.割,砍,切|0|0
cut down|['kʌt daun]|phr.砍倒|0|0
dad|[dæd]|n. (口语)爸爸,爹爹|0|0
dance|[dæns]|v. 跳舞|0|0
danger|[deindʒə]|n.危险|0|0
dangerous|['deindʒərəs]|adj.危险的|0|0
dark|[dɑːrk]|adj. 深(浓)色的,黑暗的|0|0
date|[deɪt]|n.日期|0|0
daughter|[ˈdɔːtər]|n. 女儿|0|0
day|[dei]|n.日,一天|0|0
daytime|[ˈdeɪˌtaɪm]|n.白天|0|0
dead|[ded]|adj.死的|0|0
deaf|[dɛf]|adj. 聋的|0|0
deal|[di:l]|n.（口语）协议，交易|0|0
dear|[diə]|adj.亲爱的;可爱的|0|0
death|[deθ]|n.死,死亡|0|0
decide|[dɪˈsaɪd]|v. 决定,决心|0|0
decision|[dɪˈsɪʒən]|n.决定|0|0
decorate|[dekəreit]|v.装饰，修饰|0|0
deep|[di:p]|adj.深的|0|0
deer|[diə]|n.(pl.deer)鹿|0|0
delicious|[di'liʃəs]|adj.美味的,可口的|0|0
describe|[dɪˈskraɪb]|v.描写；叙述|0|0
description|[dɪˈskrɪpʃən]|n.描述，描写|0|0
desert|[dezət]|n.沙漠|0|0
deserve|[dɪˈzɜrv]|v.应得，值得…|0|0
desk|[desk]|n. 书桌|0|0
detective|[dɪˈtɛktɪv]|n.侦探|0|0
develop|[dɪˈveləp]|v. 发展,研制,开发|0|0
diagram|[ˈdaɪəɡræm]|n.图表|0|0
dictionary|['dikʃəneri]|n.字典;词典|0|0
die|[dai]|v.死亡|0|0
difference|['difərəns]|n.不同,差异|0|0
different|['difərənt]|adj.不同的|0|0
difficult|[ˈdɪfɪkəlt]|adj.困难的,难的|0|0
dig|[dig]|v.挖，掘|0|0
digital|[didʒitəl]|adj.数字似的|0|0
dim|[dɪm]|adj. 微暗的,昏暗的|0|0
dinner|['dinə]|n.正餐,晚餐|0|0
dinosaur|[dainəsɔ:]|n.恐龙|0|0
directly|[di'rektli]|adv.直接地|0|0
dirty|[ˈdɜːrti]|adj.脏的|0|0
disappear|[disə'piə]|v.消失|0|0
disappearance|[disə'piərəns]|n.消失|0|0
discover|[dis'kʌvə]|v.发现，发觉|0|0
discuss|[di'skʌs]|v.讨论,议论|0|0
discussion|[dɪ'skʌʃən]|n.讨论|0|0
disease|[dɪˈziːz]|n. 疾病|0|0
dish|[diʃ]|n.一道菜,盘,碟|0|0
display|[di'splei]|n.陈列|0|0
disturb|[dis'tə:b]|v.妨碍,打扰|0|0
dive|[daɪv]|v.潜入(水中),跳水|0|0
diver|['daɪvər]|n.潜入水中的人,潜水员|0|0
do|[duː]|v. 做,干,行动|0|0
doctor|[ˈdɑːktər]|n. 医生|0|0
document|[dɔkjumənt]|n.公文，文件|0|0
dog|[dɔːɡ]|n. 狗|0|0
doll|[dɒl]|n. 玩具娃娃|0|0
dollar|['dɔlə]|n.元(美,加拿大等国的货币单位)|0|0
dolphin|['dɔlfin]|n.海豚|0|0
don't|[dəunt]|do not 的缩写形式|0|0
door|[dɔːr]|n. 门|0|0
doorbell|['dɔ:bel]|n.门铃|0|0
double|['dʌbl]|adj & v 双重的，双倍的|0|0
down|[daʊn]|adv. 向下|0|0
download|['daʊnˌloʊd]|v.下载|0|0
downstairs|[ˈdaʊnˈstɛəz]|adj & adv. (在)楼下,(往)楼下|0|0
draw|[drɔː]|v. 画;绘制|0|0
dream|[driːm]|n.&v.梦,梦想; 做梦,向往|0|0
dress|[drɛs]|n. 女服,(统称)衣服|0|0
drink|[driŋk]|n.&v.饮料;喝|0|0
driver|['draivə]|n.司机,驾驶员|0|0
drop|[drɔp]|n.滴，水滴|0|0
drop off|[drɑp ɔf]|phr.放下（某物），下车|0|0
drought|[draut]|n.旱灾，干旱|0|0
dry|[drai]|v.把…弄干，晒干|0|0
duck|[dʌk]|n.鸭|0|0
dumpling|['dʌmpliŋ]|n.饺子|0|0
during|['djuəriŋ]|prep.在...的期间|0|0
dustbin|['dʌstbin]|n.垃圾箱|0|0
duty|['dju:tɪ]|n. 职责,责任|0|0
e-mail|[ˈiːmeɪl]|n. 电子邮件|0|0
each|[i:tʃ]|pron.各自,各个|0|0
ear|[ɪər]|n. 耳朵|0|0
earlier|['ə:liə]|adj&adv.(early的比较级)更早的(地)|0|0
early|['ə:li]|adj&adv.早的(地)初期|0|0
earth|[ə:θ]|n.陆地，大地，地球|0|0
earthquake|[ˈɜrθˌkweɪk]|n.地震|0|0
east|[i:st]|n&adj.东方(的),东部(的)|0|0
easy|['i:zi]|adj.容易的|0|0
eat|[i:t]|v.吃|0|0
eat up|[iːt ʌp]|phr.吃完,吃光|0|0
edge|[edʒ]|n.边，边缘|0|0
education|[ˌɛdʒʊˈkeɪʃən]|n.教育，培养|0|0
egg|[eg]|n. 蛋|0|0
eight|[eit]|num. 八|0|0
eighteenth|[ˌeɪˈtiːnθ]|num. 第十八|0|0
eighth|[eitθ]|num.第八|0|0
either|['i:ðə]|adv.(用于否定句中)也(不)|0|0
either...or...|[,i:ðə'ɔ:]|conj.或者...或者...|0|0
electronic|[ilek'trɔnik]|adj.电子的|0|0
elephant|['elifənt]|n.象|0|0
eleven|[i'levn]|num. 十一|0|0
else|[ɛls]|adv & adj. 别(的),其他(的)|0|0
empty|[ˈɛmpti]|adj. 空的|0|0
encourage|[ɪnˈkʌrɪdʒ]|v.鼓励|0|0
end|[ɛnd]|n.&v.末端,终点,结束|0|0
engineer|[ˌɛndʒɪˈnɪə]|n.工程师|0|0
enjoy oneself|[ɪnˈdʒɔɪ wʌnˈsɛlf]|phr.过得快乐,玩得痛快|0|0
enjoyable|[in'dʒɔiəbl]|adj.愉快的；有趣的|0|0
enough|[ɪˈnʌf]|adj.足够的,充分的|0|0
enter|['entə]|v.进入|0|0
entrance|[entrəns]|n.入口，进口，入场|0|0
environment|[ɪnˈvaɪrənmənt]|n.环境|0|0
eraser|[i'reisə]|n. 橡皮擦|0|0
escape|[ɪˈskeɪp]|n.逃亡，逃走，逃避|0|0
especially|[ɪˈspɛʃəli]|adv.特别；尤其|0|0
essential|[ɪˈsɛnʃəl]|adj.本质的，主要的，必需的|0|0
eve|[i:v]|n.（节日或重大事件发生的）前夕|0|0
even|['i:vən]|adv.甚至,更|0|0
even though|[i:vən ðəu]|conj.即使…|0|0
evening|['i:vniŋ]|n.傍晚;晚上|0|0
event|[ɪˈvɛnt]|n.大事；事件|0|0
ever|[ˈɛvə]|adv. 曾经|0|0
ever since|[ˈɛvər sɪns]|phr.从那时起；此后一直|0|0
every|['evri]|adj.每一的,每个的|0|0
everybody|[ˈɛvrɪbɒdi]|pron.每人,人人|0|0
everyone|['evriwʌn]|pron. 每人,人人|0|0
exactly|[ɪɡˈzæktli]|adv.准确地，严格地|0|0
exam|[ig'zæm]|n. (口语)考试|0|0
example|[ig'zɑ:mpl]|n.例子,榜样|0|0
excellent|[ˈɛksələnt]|adj.极好的，优秀的|0|0
except|[ik'sept]|prep.除…之外|0|0
excited|[ɪkˈsaɪtɪd]|adj.兴奋的，激动的|0|0
exciting|[ik'saitiŋ]|adj.令人兴奋的|0|0
excuse|[ɪkˈskjuːs]|n.借口，托词|0|0
exercise|['eksəsaiz]|n.锻炼,做操,练习|0|0
exit|[eksit]|n.出口|0|0
expect|[ɪkˈspɛkt]|v.期望，预期|0|0
expensive|[iks'pensiv]|adj.昂贵的|0|0
experience|[ɪkˈspɪriəns]|n.经验，体验|0|0
expert|[ˈɛkspɜːrt]|n.专家，内行|0|0
explore|[iks'plɔ:]|v.探测，探险|0|0
explorer|[iks'plɔ:rə]|n.探测者，探险者|0|0
eye|[aɪ]|n. 眼睛|0|0
face|[feɪs]|n. 脸;面孔|0|0
fact|[fækt]|n.事实,实际|0|0
factory|['fæktəri]|n.工厂|0|0
fail|[feɪl]|v.失败；不及格|0|0
fall|[fɔ:l]|v.落下,跌倒|0|0
fall asleep|[fɔːl əˈsliːp]|phr.睡觉,入睡|0|0
fall down|[fɔl daʊn]|phr.倒下,跌倒,从...落下|0|0
fall off|[fɔːl ɒf]|phr.(从...)掉下|0|0
family|[ˈfæməli]|n. 家,家庭|0|0
family tree|[ˈfæməli triː]|n. 家谱|0|0
fan|[fæn]|n.(口语，电影,运动等的)迷|0|0
far|[fɑ:]|adj&adv.远的(地)|0|0
far away|[fɑ: əwei]|phr.很远，遥远|0|0
farm|[fɑ:m]|n.农场|0|0
farmer|['fɑ:mə]|n.农民|0|0
farming|['fɑ:miŋ]|n.农业,务农|0|0
farmland|[fɑ:mlænd]|n.农田|0|0
farther|[ˈfɑːðə]|adj.&adv.(far的比较级)较远,更远|0|0
farthest|[ˈfɑːðɪst]|adj.&adv.(far的最高级)最远|0|0
fast|[fɑ:st]|adj&adv.快的(地),迅速的(地)|0|0
fat|[fæt]|adj.肥胖的|0|0
father|['fɑ:ðə]|n. 父亲|0|0
favourite|[ˈfeɪvərɪt]|adj. 特别喜爱的|0|0
fax|[fæks]|n. 传真|0|0
feather|[feðə]|n.羽毛|0|0
feed|[fi:d]|v.喂,饲养|0|0
feel|[fi:l]|v.觉得,感到|0|0
festival|['festəvəl]|n&adj.节日(的),喜庆(的)|0|0
few|[fju:]|adj.少数的,不多的|0|0
field|[fi:ld]|n.地,田地|0|0
fifteen|['fif'ti:n]|num. 十五|0|0
fifth|[fifθ]|num&adj.第五(的)|0|0
fifty|[ˈfɪfti]|num. 五十|0|0
fill|[fil]|v.装满，填充|0|0
film|[film]|n.影片,电影|0|0
final|[ˈfaɪnl]|adj.最后的|0|0
find|[faɪnd]|v. 找到,发现|0|0
find out|[faɪnd aʊt]|phr.找出,查出|0|0
fine|[fain]|adj. (身体)好的|0|0
finger|['fiŋgə]|n.手指|0|0
finish|['finiʃ]|v.完成,结束|0|0
fireplace|[faiəpleis]|n.壁炉|0|0
first|[fə:st]|num & adv.第一,首先,最初|0|0
first of all|[fə:st əv ɔ:l]|phr.首先,第一|0|0
fish|[fiʃ]|v.钓鱼|0|0
fishing|['fiʃiŋ]|n.钓鱼|0|0
fit|[fɪt]|adj. & v.健康的；适合的；（使）适合|0|0
five|[faiv]|num. 五|0|0
fix|[fiks]|v.修理,安装|0|0
flight|[flait]|n.航班，飞行|0|0
flood|[flʌd]|n.洪水，水灾&v.淹没，泛滥|0|0
floor|[flɔːr]|n. (室内)地,地板|0|0
flower|[ˈflaʊər]|n. 花|0|0
fly|[flaɪ]|v.放(风筝,飞机模型等)|0|0
fog|[fɔg]|n.雾|0|0
foggy|['fɔgi]|adj.有雾,多雾的|0|0
follow|['fɔləu]|v.跟随|0|0
food|[fu:d]|n.食物|0|0
foot|[fʊt]|n. 脚(pl.feet)|0|0
football|[ˈfʊtˌbɔːl]|n. 足球|0|0
for|[fɔːr]|prep. 为,给|0|0
foreign|['fɔrin]|adj.外国的|0|0
foreigner|['fɔ:rinə]|n.外国人|0|0
forest|['fɔrist]|n.森林|0|0
forever|[fəˈrɛvər]|adv.永远，总是|0|0
forgot|[fəˈɡɒt]|v. (forget 的过去时)忘记|0|0
fork|[fɔ:k]|n.叉,餐叉|0|0
form|[fɔrm]|n.表格|0|0
fossil|[fɔsl]|n.化石|0|0
found|[faund]|v.成立，建立|0|0
four|[fɔ:]|num. 四|0|0
fourteen|['fɔ:'ti:n]|num. 十四|0|0
fox|[fɔks]|n.狐狸|0|0
fragile|[frædʒil]|adj.易碎的|0|0
free|[fri:]|adj.自由的,空闲的|0|0
freeze|[friːz]|v.结冰，凝结|0|0
fridge|[fridʒ]|n.电冰箱|0|0
friend|[frend]|n. 朋友|0|0
friendly|['frendli]|adj.友好的|0|0
friendship|[ˈfrɛndʃɪp]|n.友谊,友情|0|0
frighten|['fraitən]|v.惊恐，吓唬|0|0
frightened|['fraitnd]|adj.受惊的，害怕的|0|0
from|[frɔm]|prep.从;从....起|0|0
from now on|[frʌm naʊ ɒn]|phr.从现在起，今后|0|0
front|[frʌnt]|adj&n.前面(的),前部|0|0
fruit|[fru:t]|n.水果|0|0
frustrate|[frʌs'treit]|v.使沮丧，使失败|0|0
frustrated|[frʌs'treitid]|adj.感到灰心丧气的|0|0
full|[fʊl]|adj. 满的|0|0
fun|[fʌn]|n.有趣|0|0
funny|[ˈfʌni]|adj. 滑稽的,有趣的|0|0
future|[ˈfjuːtʃər]|n. 将来,未来|0|0
game|[ɡeɪm]|n. 游戏,运动|0|0
garden|['gɑ:dn]|n.花(果,菜)园|0|0
gate|[geit]|n.大门|0|0
gatekeeper|['geit,ki:pə]|n.看门人,门卫|0|0
generosity|[dʒenə'rɔsiti]|n.慷慨，豁达|0|0
geography|[dʒi'ɔgrəfi]|n.地理(学)|0|0
get|[ɡɛt]|v. 得到,获得|0|0
get back|[gɛt bæk]|phr.回来,取回|0|0
get married|[ɡɛt ˈmærɪd]|phr.结婚|0|0
get off|[get ɔf]|phr.下来,从...下来|0|0
get on|[get ɔn]|phr.上(车)|0|0
get up|[ɡɛt ʌp]|phr. 起床|0|0
get-together|['gettə,geðə]|n.聚会|0|0
get…back|[ɡɛt…bæk]|phr.退还；送回去；取回|0|0
girl|[gə:l]|n. 女孩|0|0
give|[ɡɪv]|v. 给|0|0
give birth to|[giv bə:θ tə]|phr.生（孩子）|0|0
give up|[ɡɪv ʌp]|phr.放弃|0|0
glad|[ɡlad]|adj. 高兴的,乐意的|0|0
glass|[glɑ:s]|n.玻璃杯|0|0
glove|[ɡlʌv]|n. 手套|0|0
go|[ɡoʊ]|n.尝试(做某事)|0|0
go back|[ɡoʊ bæk]|phr.回去|0|0
go home|[ɡoʊ hoʊm]|phr. 回家|0|0
go on|[ɡoʊ ɒn]|phr.继续|0|0
go over|[ɡoʊ ˈoʊvər]|phr.过一遍，仔细检查|0|0
go wrong|[gəu rɔŋ]|phr.走错路|0|0
goal|[ɡoʊl]|n.（足球）球门，得分|0|0
goes|[ɡoʊz]|v. go的单数第三人称现在时|0|0
golf|[ɡɒlf]|n. 高尔夫球|0|0
good|[ɡʊd]|adj. 好的|0|0
goodbye|[ɡʊd'baɪ]|int. 再见,再会|0|0
goodness|['gudnis]|n.善良;美德|0|0
grab|[ɡræb]|v.抓取…，夺取|0|0
grade|[greid]|n. 年级|0|0
graduate|['grædjueit]|v.毕业|0|0
grand|[grænd]|adj.豪华的，庄重的，雄伟的|0|0
grandfather|[ˈɡrændˌfɑːðər]|n. (外)祖父|0|0
grandma|[ˈɡrændmɑː]|n. (口语)奶奶,外婆|0|0
grandmother|[ˈɡrændˌmʌðər]|n. (外)祖母|0|0
grandpa|[ˈɡrændpɑː]|n. (口语)爷爷,外公|0|0
grape|[ɡreɪp]|n.葡萄|0|0
grass|[grɑ:s]|n.草,草地|0|0
grateful|[ˈɡreɪtfəl]|adj.感激的，感谢的|0|0
great|[greit]|adj.伟大的,很大的,重要的|0|0
green|[ɡriːn]|adj & n. 绿色(的)|0|0
greet|[gri:t]|v.问候，向（人）打招呼|0|0
grey|[ɡreɪ]|adj & n. 灰色(的),灰白(的)|0|0
ground|[ɡraʊnd]|n. 地面,土地|0|0
group|[gru:p]|n.组，群，团队|0|0
grow|[grəu]|v.种植,生长|0|0
guess|[ɡes]|v. 猜|0|0
guide|[gaid]|n.向导，导游者&v.指导，引导|0|0
hair|[hɛr]|n. 头发|0|0
half|[hɑːf]|n. 半,一半|0|0
half-way|[hɑ:fˈweɪ]|adv.在途中,半路上|0|0
hall|[hɔ:l]|n.大厅，会堂，会馆|0|0
hamburger|['hæmbə:gə]|n.汉堡包|0|0
hand|[hænd]|n. 手|0|0
hand in|[hænd in]|phr.交上来|0|0
hands up|[hændz ʌp]|phr.举手|0|0
hang|[hæŋ]|v.吊着，悬挂|0|0
happen|[ˈhæpən]|v.(偶然)发生,碰巧|0|0
happily|[ˈhæpɪli]|adv.高兴地,快乐地|0|0
happy|['hæpi]|adj.快乐的,幸福的|0|0
hard|[hɑːd]|adj.硬的|0|0
hard-working|[ˌhɑːdˈwɜːrkɪŋ]|adj.辛勤工作的,用功的|0|0
hardly|[ˈhɑrdli]|adv.几乎不|0|0
harm|[hɑːrm]|v.损害；伤害|0|0
harvest|['hɑ:vist]|n.收获|0|0
has|[hæz]|v. (动词have的单数第三人称)有|0|0
hat|[hæt]|n. 帽子(一般指有边的帽子)|0|0
have|[hæv]|v. 有|0|0
have a cold|[hæv ə kəʊld]|phr.(患)感冒|0|0
have a cough|[hæv ə kɒf]|phr.(患)咳嗽|0|0
have a good time|[hæv ə gʊd taɪm]|phr.过得愉快|0|0
have a headache|[hæv ə ˈhedeɪk]|phr.(患)头痛|0|0
have a look|[hæv ə lʊk]|phr. 看一看|0|0
have a seat|[hæv ə siːt]|phr. 坐下,就坐|0|0
have a try|[hæv ə traɪ]|phr.尝试；努力；射击|0|0
have supper|[hæv ˈsʌpər]|phr. 吃晚餐|0|0
he|[hi:]|pron. 他|0|0
head|[hɛd]|n. 头;头部|0|0
headache|[ˈhedeɪk]|n.头痛|0|0
headmaster|['hed'mɑ:stə]|n.（英)中小学校长|0|0
heal|[hil]|v.使（伤、病）痊愈|0|0
health|[helθ]|n.健康,卫生|0|0
healthily|['helθili]|adv.健康地|0|0
hear|[hiə]|v.听见,听说|0|0
hear of|[hiə ɔv]|phr.听说|0|0
heart|[hɑrt]|n.心(脏)|0|0
heavily|[ˈhɛvɪli]|adv.大量地,猛烈地,厉害地|0|0
heavy|[ˈhɛvi]|adj. 重的|0|0
height|[hait]|n.高度|0|0
hello|[hə'ləu]|int. 喂(问候或唤起注意)|0|0
help|[hɛlp]|v. 帮助|0|0
help yourself to|[help jɔ:'self tu:]|phr.自取,随便吃|0|0
helpful|['helpfəl]|adj.有帮助的,有益的|0|0
her|[hə:]|pron. 她的|0|0
here|[hiə]|adv. 这里,这儿|0|0
here and there|[hɪr ænd ðɛr]|phr.到处,处处|0|0
hers|[hɜːrz]|pron. 她的|0|0
herself|[həˈsɛlf]|pron.她自己|0|0
hey|[hei]|int.嘿;喂(唤起注意.表示惊讶或询问)|0|0
hi|[hai]|int. 喂(问候或唤起注意)|0|0
hide|[haɪd]|v. 躲藏|0|0
high|[haɪ]|adj.&adv.高的(地)|0|0
hike|[haik]|n&v.远足,徒步旅行|0|0
hiking|['haikin]|n.徒步旅行|0|0
hill|[hɪl]|n. 小山|0|0
him|[him]|pron.他(宾格)|0|0
himself|[hɪmˈsɛlf]|pron.他自己|0|0
his|[hiz]|pron. 他的|0|0
history|['histəri]|n.历史(学)|0|0
hit|[hit]|v.打,击中,撞|0|0
hobby|['hɔbi]|n.业余爱好|0|0
hold|[həuld]|v.拿,握|0|0
hold on|['həuld ɔn]|phr. (打电话时)等一等,不挂断|0|0
hole|[hoʊl]|n.洞,孔,坑|0|0
holiday|['hɔlədi]|n.假日,假期|0|0
home|[həum]|n. 家|0|0
hometown|['hom'taun]|n.故乡,家乡|0|0
homework|['həumwə:k]|n.家庭作业|0|0
hope|[həup]|v.希望|0|0
horse|[hɔ:s]|n.马|0|0
hospital|['hɔspitl]|n.医院|0|0
hot|[hɔt]|adj.热的,辣的|0|0
hotel|[həu'tel]|n.旅馆,饭馆|0|0
hour|[aʊər]|n. 小时|0|0
hour after hour|[ˈaʊər ˈæftər ˈaʊər]|phr.一小时又一小时，连续地|0|0
house|[haʊs]|n. 房子|0|0
housework|['hauswə:k]|n.家务劳动|0|0
how|[hau]|adv. (指程度)多少,怎样|0|0
how many|[haʊ ˈmɛni]|phr. 多少|0|0
however|[hau'evə]|conj.然而，可是|0|0
hug|[hʌg]|n.拥抱，紧抱|0|0
huge|[hjuːdʒ]|adj.巨大的|0|0
human|[ˈhjuːmən]|n. & adj.人(的),人类(的)|0|0
human being|[hju:mən bi:iŋ]|n.人|0|0
hundred|[ˈhʌndrəd]|num. 百|0|0
hungry|['hʌŋgri]|adj.饥饿的|0|0
hurry|['hʌri]|v.赶快,慌忙|0|0
hurt|[hɜ:t]|v.使受伤,痛|0|0
husband|[ˈhʌzbənd]|n. 丈夫|0|0
ice|[ais]|n.冰|0|0
iceberg|[ˈaɪsbɜːrɡ]|n.冰山|0|0
icon|['aikɔn]|n.图象符号，图标|0|0
idea|[ai'diə]|n.主意,想法,意见|0|0
if|[ɪf]|conj.是否|0|0
ill|[il]|adj.病的|0|0
imagine|[ɪˈmædʒɪn]|v.设想,想像|0|0
important|[im'pɔ:tənt]|adj.重要的,重大的|0|0
impossible|[im'pɔsəbl]|adj.不可能的|0|0
improve|[ɪmˈpruːv]|v. 提高,改善|0|0
in|[in]|prep. 在...里(内,上)|0|0
in a hurry|[ɪn ə ˈhɜri]|phr.匆忙地|0|0
in fact|[ɪn fækt]|phr.实际上|0|0
in front|[ɪn frʌnt]|phr.前方,正对面|0|0
in this way|[in ðis wei]|phr.用这种方法|0|0
in time|[in 'taim]|phr.及时|0|0
increase|[ɪn'kris]|v.增加，增长|0|0
information|[ˌɪnfərˈmeɪʃən]|n.信息,情报|0|0
injection|[ɪnˈdʒɛkʃən]|n.注射，打针|0|0
inside|[,in'said]|prep.在...里面|0|0
inspector|[ɪnˈspɛktər]|n.警官，监督员|0|0
instead|[ɪnˈstɛd]|adv.代替,顶替|0|0
instead of|[ɪnˈstɛd əv]|phr.代替|0|0
instruction|[in'strʌkʃən]|n.说明，须知|0|0
interest|[ˈɪntrəst]|n.兴趣|0|0
interested|[ˈɪntrəstɪd]|adj. 感兴趣的|0|0
interesting|['intəristiŋ]|adj.有趣的,有意思的|0|0
into|['intu:|[&prep.到...里,向内|0|0
invention|[in'venʃən]|n.发明，创造|0|0
inventor|[in'ventə]|n.发明者，创造者|0|0
invite|[in'vait]|v.邀请,招待|0|0
is|[iz]|v. 是|0|0
island|[ˈaɪlənd]|n.岛,岛状物|0|0
isn't|['iznt]|is not 的缩写形式|0|0
it|[it]|pron. 它|0|0
jacket|[dʒækit]|n.夹克衫|0|0
jeep|[dʒi:p]|n. 吉普车|0|0
job|[dʒɔb]|n.工作|0|0
join|[dʒɔɪn]|v.加入；参加|0|0
joke|[dʒəʊk]|n. 笑话,玩笑|0|0
journey|[ˈdʒɜːrni]|n.旅程；旅行；路程|0|0
juice|[ dʒuːs]|n. (水果;蔬菜;肉等的)汁;水汁|0|0
jump|[dʒʌmp]|v.跳|0|0
jumper|[ˈdʒʌmpə]|n.跳跃者|0|0
just|[dʒʌst]|adv.仅仅,只有|0|0
just then|[dʒʌst ðen]|phr.正在那时|0|0
keep|[kip]|v.饲养，照顾|0|0
key|[ki:]|n.钥匙|0|0
keyboard|['ki:bɔ:d]|n. 键盘|0|0
kid|[kid]|n.（口语）小伙子|0|0
kill|[kɪl]|v.杀死,弄死|0|0
kilo|['ki:ləu]|n.千克,公斤|0|0
kilometre|['kilə,mi:tə]|n.公里,千米|0|0
kind|[kaind]|adj.和蔼的,友好的|0|0
kind-hearted|[kaind'hɑ:tid]|adj.好心的|0|0
kinds of|[kaindz əv]|phr.各种各样的|0|0
kitchen|['kitʃin]|n.厨房|0|0
kite|[kaɪt]|n. 风筝|0|0
knee|[ni:]|n.膝盖|0|0
knife|[naif]|n.(pl.knives)小刀|0|0
knock|[nɒk]|v. 敲,击|0|0
know|[nəu]|v. 知道,懂得|0|0
knowledge|[ˈnɒlɪdʒ]|n.知识；学问|0|0
lab|[læb]|n.实验室|0|0
ladies' room|['leidi:z ru:m]|n.(妇女)公共厕所|0|0
lady|['leidi]|n.女士,夫人|0|0
lake|[leik]|n.湖|0|0
land|[lænd]|v.登陆,上岸,降落|0|0
language|['læŋgwidʒ]|n.语言|0|0
lap|[læp]|n. (竞赛场的)一圈|0|0
large|[lɑːrdʒ]|adj. 大的,(数量)多的|0|0
large numbers of|[lɑːrdʒ ˈnʌmbərz ʌv]|phr.许多|0|0
last|[læst]|v.持续,耐久|0|0
late|[leɪt]|adj & adv. 迟的(地),晚的(地)|0|0
later|[ˈleɪtər]|adv.以后,后来|0|0
later on|[ˈleɪtər ɒn]|phr.后来,稍后|0|0
laugh|[lɑ:f]|v. (大)笑,发笑|0|0
laugh at|[lɑːf æt]|phr.嘲笑|0|0
lay|[leɪ]|v.下蛋,产蛋|0|0
lazy|[ˈleɪzi]|adj.懒惰的|0|0
leaf|[li:f]|n.叶子，树木、草的叶子|0|0
learn|[lə:n]|v.学,学习|0|0
least|[list]|n.最少，最小|0|0
leather|[ˈlɛðər]|n.皮革|0|0
leave|[li:v]|v.离去,出发|0|0
left|[left]|n&adj.左(的),左边(的)|0|0
leg|[lɛɡ]|n. 腿|0|0
lend|[lɛnd]|v.把…借给，借给|0|0
less|[les]|adj. & adv.较少的,较小的|0|0
less than|[les ðæn]|phr.不到,少于|0|0
lesson|['lesn]|n.课,功课|0|0
let|[lɛt]|v. 让|0|0
let's|[lets]|phr. let us 的缩写形式|0|0
letter|['letə]|n.信|0|0
librarian|[laɪˈbrɛərɪən]|n.图书管理员|0|0
library|['laibrəri]|n.图书馆|0|0
licence|[ˈlaɪsns]|n. 执照,许可证|0|0
lie|[laɪ]|v. 躺,平躺|0|0
life|[laɪf]|n.生命,生活|0|0
lifeboat|[ˈlaɪfboʊt]|n.救生船(艇)|0|0
lifetime|['laiftaim]|n.一生，终生|0|0
lift|[lift]|v.消散, (雨)停止|0|0
light|[laɪt]|adj. 淡(浅)色的,轻的|0|0
like|[laɪk]|v. 喜欢|0|0
line|[laɪn]|n. 线,绳索|0|0
lion|['laiən]|n.狮子|0|0
list|[list]|n.清单,一览表,名单,目录|0|0
listen|[ˈlɪsən]|v. 听|0|0
listen to|[ˈlɪsən tuː]|phr. 听|0|0
litter|['litə]|n & v 垃圾，废物；乱丢杂物|0|0
little|[ˈlɪtəl]|adj & adv. 小的,一点儿,稍许|0|0
live|[lɪv]|v.居住|0|0
live on|[liv ɔn]|phr.继续存在，继续活着|0|0
lively|['laivli]|adj.热闹的；有生气的|0|0
lock|[lɔk]|n.锁&v.上锁|0|0
lonely|[ˈloʊnli]|adj.孤独的，寂寞的|0|0
long|[lɒŋ]|adj. 长的|0|0
look|[lʊk]|n. 瞧,看|0|0
look after|[lʊk 'ɑːftər]|phr. 照顾,照看|0|0
look at|[lʊk æt]|phr. 看,观看|0|0
look like|[lʊk laɪk]|phr. 看起来像|0|0
look out|[lʊk aʊt]|phr.留神,注意|0|0
look over|[lʊk ˈəʊvə]|phr.(仔细)检查|0|0
look the same|[lʊk ðə seɪm]|phr. 看起来很像|0|0
lose|[luːz]|v. 丢失,失去,迷失(方向)|0|0
lost|[lɔst]|adj.迷途的,丢失的|0|0
lot|[lɔt]|n.许多|0|0
lots of|[lɒts əv]|phr.许许多多的|0|0
loud|[laʊd]|adj. 大声的,响亮的|0|0
loudly|[ˈlaʊdli]|adv. 大声地,高声地|0|0
loudspeaker|[ˈlaʊdspikər]|n. 扬声器,扩音器|0|0
love|[lʌv]|v. 爱,喜爱|0|0
low|[ləu]|adj.低的,浅的,矮的|0|0
luckily|[ˈlʌkɪli]|adv. 好运地,幸运地|0|0
lucky|[ˈlʌki]|adj. 幸运的,侥幸的|0|0
lunch|[lʌnʃ]|n. 午餐|0|0
machine|[mə'ʃi:n]|n.机器|0|0
madam|['mædəm]|n.女士,夫人,小姐|0|0
magazine|[,mægə'zi:n]|n.杂志|0|0
magical|['mædʒikəl]|adj.魔法(似)的|0|0
mail|[meil]|n.邮政,邮递|0|0
main|[mein]|adj.主要的|0|0
mainland|[ˈmeɪnlænd]|n.大陆；本土|0|0
make|[meik]|v.使...(发生)|0|0
make a decision|[meɪk ə dɪˈsɪʒən]|phr.作出决定|0|0
make a mistake|[meɪk ə mɪˈsteɪk]|phr.犯错误|0|0
make a noise|[meik ə nɔiz]|phr.吵闹|0|0
make faces|[meɪk ˈfeɪsɪz]|phr.做鬼脸,做苦脸|0|0
make one's way to|[meik wʌnz wei tu:]|phr.往..走去|0|0
make room for|[meɪk rum fɔr]|phr.给..腾出地方|0|0
make sure|[meik ʃuə(r)]|phr.确保,确认,查明|0|0
make up one's mind|[meɪk ʌp wʌnz maɪnd]|phr.下决心|0|0
man|[mæn]|n. 男人,人|0|0
man-made|['mænmeid]|adj.人造的，人工的|0|0
manager|['mænidʒə]|n.经理,负责人|0|0
many|[ˈmɛni]|adj. 许多的,多的|0|0
map|[mæp]|n. 地图|0|0
mark|[mɑːrk]|n.记号；标记；痕迹|0|0
market|['mɑ:kit]|n.市场,集市|0|0
marry|[ˈmæri]|v.结婚|0|0
match|[mætʃ]|n.比赛,竞赛|0|0
math|[mæθ]|n.(美式拼法)数学|0|0
maths|[mæθs]|n.(英式拼法)数学|0|0
matter|['mætə]|v.(否定句,疑问句)要紧,有关系|0|0
may|[mei]|v.aux可以;可能;也许|0|0
maybe|['meibi]|adv.也许,大概|0|0
me|[mi:]|pron. 我|0|0
meal|[mi:l]|n.一餐,一顿饭|0|0
mean|[mi:n]|v.表示...的意思,意味着|0|0
meaning|['mi:niŋ]|n.意思,意义,含义|0|0
meat|[mi:t]|n.肉|0|0
medicine|['medisin]|n.内服药,医学|0|0
meet|[mi:t]|v. 见面,会面,遇见|0|0
meeting|['mi:tiŋ]|n.会,会议|0|0
melon|[ˈmɛlən]|n.瓜|0|0
member|[ˈmɛmbər]|n.成员|0|0
men|[mɛn]|n. man的缩写形式|0|0
mend|[mend]|v.修补;修理|0|0
mention|['mɛnʃən]|v.提到,说起|0|0
menu|['menju:]|n.(餐厅等的)菜单|0|0
merry|[meri]|adj.愉快的；欢乐的|0|0
message|['mesidʒ]|n.消息,信息|0|0
metal|[metl]|n.金属|0|0
metre|['mi:tə]|n.公尺,米|0|0
microcomputer|[ˈmaɪkrəʊˌkəmpjuːtə]|n. 微型计算机|0|0
middle|[ˈmɪdəl]|adj. 中间的,中级的|0|0
middle school|[ˈmɪdl skuːl]|n. 中学|0|0
midfield|[ˈmɪdfild]|n.中场|0|0
midfield player|[ˈmɪdfild ˈpleɪər]|n.中场球员|0|0
midnight|[ˈmɪdnaɪt]|n. 午夜|0|0
milk|[milk]|n.牛奶|0|0
million|[ˈmɪljən]|n. 百万,百万元|0|0
mind|[maind]|n.&v.思想，想法；关心，介意|0|0
mine|[maɪn]|pron. 我的|0|0
minibus|['mini,bʌs]|n.小型公共汽车|0|0
minus|['mainəs]|prep. 减,减去|0|0
minute|[ˈmɪnɪt]|n. 分钟,一会儿|0|0
miss|[mis]|v.错过|0|0
missing|[ˈmɪsɪŋ]|adj.丢失的,失踪的|0|0
mist|[mɪst]|n.雾|0|0
mistake|[mɪˈsteɪk]|n.错误|0|0
misty|[ˈmɪsti]|adj.有雾的，雾大的|0|0
mobile|[ˈmoʊbəl]|adj.可移动的|0|0
mobile phone|[ˈmoʊbəl foʊn]|n.可移动电话|0|0
model|['mɔdl]|n.模型;模范 ;样式|0|0
modem|[məudem]|n.调制解调器|0|0
moment|['məumənt]|n.片刻,瞬间|0|0
money|[ˈmʌni]|n. 钱,货币|0|0
monitor|[mɔnitə]|n.显示器|0|0
monkey|['mʌŋki]|n.猴子|0|0
month|[mʌnθ]|n.月|0|0
moon|[mu:n]|n.月亮|0|0
mooncake|['mu:nkeik]|n.月饼|0|0
moonlight|[ˈmuːnˌlaɪt]|n & adj. 月光(的)|0|0
more|[mɔ:]|adv.更,更加|0|0
more and more|[mɔːr ənd mɔːr]|phr.越来越…|0|0
more or less|[mɔ: ɔ les]|phr.多少有点，或多或少|0|0
morning|['mɔ:nɪŋ]|n. 早晨,上午|0|0
most|[məust]|adj&adv.(many或much的最高级)最多的|0|0
mostly|[ˈmoʊstli]|adv.主要地，大部分|0|0
mother|['mʌðə]|n. 母亲|0|0
motorbike|[ˈməʊtəˌbaɪk]|n. 摩托车或有发动机的自行车|0|0
mount|[maunt]|n.…山；…峰|0|0
mountain|['mauntin]|n.山,高山|0|0
mouse|[maus]|n. 鼠,耗子,鼠标|0|0
mouth|[maʊθ]|n. 嘴|0|0
mouth-to-mouth|['maʊθtəˈmaʊθ]|adj. (人工呼吸)口对口的|0|0
moving|['mu:viŋ]|adj.活动的；移动的；动人的|0|0
much|[mʌtʃ]|adv. 多,很,非常|0|0
multiply|[ˈmʌltəplaɪ]|v.（将…）乘…|0|0
multiply…by…|[ˈmʌltəplaɪ baɪ]|phr.…乘以…|0|0
mum|[mʌm]|n. (口语)妈妈|0|0
mummy|['mʌmi]|n.(口语)妈妈|0|0
museum|[mju:'ziəm]|n.博物馆|0|0
music|['mju:zik]|n.音乐;乐曲|0|0
must|[mʌst]|v.aux. 必须,应当|0|0
my|[mai]|pron. 我的|0|0
myself|[maɪˈsɛlf]|pron.我自己|0|0
name|[neim]|n. 名字|0|0
natural|[nætʃərəl]|adj.自然界的，天然的|0|0
near|[nɪər]|prep. 在...附近|0|0
nearby|['niəbai]|adv.附近|0|0
nearly|[ˈnɪrli]|adv.将近,几乎|0|0
neatly|['ni:tli]|adv.整洁地|0|0
necessary|[ˈnesəsəri]|adj.必需的,必要的|0|0
neck|[nek]|n. 颈,脖子|0|0
necklace|[ˈnɛklɪs]|n.项链|0|0
need|[ni:d]|v.需要,必需|0|0
neighbour|[ˈneɪbə]|n. 邻居|0|0
neighbourhood|['neibəhud]|n.四邻；街坊；邻近|0|0
neither|['ni:ðə,nai:ðə]|adj. & pron.(两者)都不|0|0
neither...nor..|[ni:ðə...nɔ:]|conj.既不...也不...|0|0
nervous|[ˈnɜrvəs]|adj.紧张不安的|0|0
never|['nevə]|adv.从来,决不|0|0
never mind|[ˈnɛvər maɪnd]|phr.没关系|0|0
new|[nju:]|adj. 新的|0|0
news|[nju:z]|n.新闻,消息|0|0
next|[nɛkst]|adj. 下一个|0|0
next to|['nekst tə]|phr.相邻,靠近|0|0
nice|[naɪs]|adj. 好的,漂亮的|0|0
nine|[nain]|num. 九|0|0
ninth|[nainθ]|num&adj.第九(的)|0|0
no|[nəu]|adv. & adj. 不,不是|0|0
no longer|[nəʊ ˈlɒŋɡə]|phr.不再|0|0
no matter|[nəʊ ˈmætər]|phr.不论|0|0
nobody|['nəubɔdi]|pron.没有人|0|0
noise|[nɔiz]|n.嘈杂声,响声|0|0
noisy|[ˈnɔɪzi]|adj.喧闹的,嘈杂的|0|0
none|[nʌn]|pron.一个人也没有；没有任何东西|0|0
noodle|['nu:dl]|n.面条|0|0
noon|[nuːn]|n. 中午,正午|0|0
nor|[nɔ:]|conj.也不|0|0
north|[nɔrθ]|n.&v.北方(的),北部(的)|0|0
northeast|[ˌnɔrθˈist]|n.东北,东北部|0|0
northern|[nɔ:ðən]|adj.北部的，北方的|0|0
northwest|[nɔ:θ'west]|n.西北,西北部|0|0
nose|[noʊz]|n. 鼻子|0|0
not|[n∧t]|adv. 不|0|0
not only…but also|[nɑːt ˈoʊnli...ˈbʌt ˈɔːlsoʊ]|phr.不但……而且|0|0
nothing|['nʌθiŋ]|pron.没有什么,没有东西|0|0
notice|[ˈnoʊtɪs]|v.注意，通知|0|0
novel|[ˈnɒvəl]|n. (长篇)小说|0|0
now|[naʊ]|adv. 现在|0|0
number|['n∧mbə]|n. 数字,号码|0|0
nurse|[nə:s]|n.护士|0|0
nut|[nʌt]|n.坚果,坚果核|0|0
o'clock|[əˈklɒk]|n. …点钟|0|0
object|[ɔbdʒikt]|n.物体|0|0
ocean|['əuʃən]|n.海洋，大洋|0|0
of|[ʌv]|prep. ...的|0|0
offer|['ɔ:fə]|v & n 拿出；提供|0|0
office|['ɔ:fis]|n.办公室|0|0
often|['ɔ:fən]|adv.常常|0|0
oil|[ɔil]|n.油|0|0
old|[əuld]|adj. ...岁的,老的|0|0
on|[ɒn]|prep.关于|0|0
on display|[ɔn dis'plei]|phr.陈列，展览|0|0
on duty|[ɒn'dju:ti]|phr. 值日|0|0
on earth|[ɔn 'ə:θ]|phr.在地球上|0|0
on one's way to|[ɔn wʌnz wei tu:]|phr.在..的途中|0|0
on show|[ɔn ʃəu]|phr.展出|0|0
on watch|[ɒn wɒtʃ]|phr.值班,守望|0|0
once|[wʌns]|adv.一次|0|0
once upon a time|[wʌns əpɔn ə taim]|phr.从前，很早以前|0|0
one|[wʌn]|pron. 用来代替单数的人或物|0|0
one-way|['wʌn,wei]|adj.单程的，单行的|0|0
onion|['ʌnjən]|n.洋葱|0|0
online|[ˈɒnˌlaɪn]|adj.&adv.在线，上网|0|0
only|[ˈoʊnli]|adv. 仅仅,只|0|0
onto|['ɔntu:]|prep.在…上面；到…上面|0|0
open|['əupən]|adj.开着的|0|0
open up|['əupən ʌp]|phr.开设，开业，开放|0|0
opera|[ˈɑpərə]|n.歌剧|0|0
opposite|[ˈɒpəzɪt]|adj.对面的,相反的|0|0
or|[ɔː]|conj. 或者,还是|0|0
orange|[ˈɔrɪndʒ]|adj & n. 橙色(的)|0|0
order|['ɔ:də]|n. & v.订购,点菜,订购单,定购,一份菜|0|0
ordinary|[ɔ:dnri]|adj.普通的，通常的|0|0
other|['ʌðə]|adj.别的;其他的|0|0
ouch|[autʃ]|int.啊呀|0|0
our|[aʊə]|pron. 我们的|0|0
ours|[aʊərz]|pron. 我们的|0|0
ourselves|[ˌaʊəˈsɛlvz]|pron.我们自己|0|0
out|[aut]|adv.在外|0|0
out of|[aʊt əv]|prep.从..向外,从..往外|0|0
outdoor|['autdɔ:]|adj.户外的，野外的|0|0
outside|['aut'said]|prep&adv.在...外|0|0
over|['əuvə]|adv.结束,完了|0|0
over there|[ˈəʊvə ðɛə]|phr. 在那边|0|0
own|[əun]|v.拥有，所有|0|0
owner|[əunə]|n.拥有者，所有者|0|0
p.m.|[ˌpiː ˈɛm]|n. 下午,午后|0|0
page|[peɪdʒ]|n.(书的)页|0|0
pain|[peɪn]|n.疼痛,疼|0|0
painful|[ˈpeɪnfəl]|adj.疼痛的，痛苦的|0|0
painter|[ˈpeɪntə]|n. 画家|0|0
pair|[pɛə]|n. 一对,一双|0|0
palace|[ˈpælɪs]|n.宫,宫殿|0|0
pan|[pæn]|n.平底锅|0|0
panda|['pændə]|n.熊猫|0|0
pardon|[ˈpɑːdən]|v. 原谅(某人),宽恕|0|0
parent|[ˈpɛrənt]|n. 父(母)亲|0|0
parents|[ˈpɛrənts]|n. 父母亲,双亲|0|0
park|[pɑ:k]|v.（将车）停放|0|0
parking|[pɑ:kiŋ]|n.停车（处）|0|0
parrot|['pærət]|n. 鹦鹉|0|0
part|[pɑrt]|n.部分|0|0
part-time|[ˈpɑː(r)t-taɪm]|adj.&n.非全日工作的；业余时间|0|0
party|['pɑ:ti]|n.聚会|0|0
pass|[pɑːs]|v.传递|0|0
passenger|['pæsindʒə]|n.乘客,旅客|0|0
past|[pæst]|n.&adj.过去(的)|0|0
path|[pæθ]|n.路线，去路|0|0
patient|[ˈpeɪʃənt]|n.病人|0|0
pause|[pɔ:z]|v.中止&n.暂停|0|0
pay|[peɪ]|v.付钱；支付|0|0
pay for|[peɪ fɔːr]|phr.付钱；支付|0|0
pea|[pi:]|n.豌豆|0|0
pear|[pɛə]|n. 梨|0|0
pen|[pen]|n. 钢笔|0|0
pencil|['pensl]|n. 铅笔|0|0
pencil-box|['penslbɔks]|n. 铅笔盒|0|0
penguin|[ˈpɛŋɡwɪn]|n.企鹅|0|0
people|[ˈpipəl]|n. 人,人们|0|0
pepper|['pepə]|n.胡椒|0|0
performance|[pərˈfɔrməns]|n.演出，成果，成绩|0|0
perhaps|[pəˈhæps]|adv.也许,可能|0|0
person|[ˈpɜːrsən]|n. 人|0|0
personal|[ˈpɜːrsənl]|adj. 私人的,个人的|0|0
pet|[pet]|n.宠爱的动物|0|0
phone|[fəʊn]|n. 电话,电话机|0|0
photo|[ˈfoʊtoʊ]|n. 照片|0|0
physics|['fiziks]|n.物理(学)|0|0
piano|[piˈænəʊ]|n.钢琴|0|0
pick|[pik]|v.采摘(花,果实)|0|0
pick…up|[pɪk…ʌp]|phr.拾起；捡起|0|0
picnic|['piknik]|n.野餐|0|0
picture|['piktʃə]|n. 图画,照片|0|0
pie|[pai]|n.(用肉或水果做成的)馅饼|0|0
piece|[pi:s]|n.一张(片;张)|0|0
pig|[pɪɡ]|n.猪|0|0
pill|[pɪl]|n.药丸,药片|0|0
ping-pong|[ˈpɪŋˌpɔŋ]|n. 乒乓球|0|0
pink|[pɪŋk]|adj.粉红色的,桃红色的|0|0
pioneer|[ˌpaɪəˈnɪr]|n. 先锋|0|0
pity|['piti]|n.遗憾的事，可惜的事|0|0
pizza|['pi:tsə]|n.(意大利)烤馅饼|0|0
place|[pleis]|n.地点,地方|0|0
plane|[plein]|n.飞机|0|0
plant|[plɑ:nt]|n.&v.植物; 种植|0|0
plastic|[ˈplæstɪk]|n.&adj.塑料(的)|0|0
plate|[pleit]|n.盘子,碟子|0|0
play|[plei]|n.剧,戏剧|0|0
player|['pleiə]|n.比赛者,选手|0|0
playground|['pleigraund]|n.(学校的)操场|0|0
playhouse|[ˈpleɪˌhaʊs]|n. 儿童游戏房|0|0
pleasant|[ˈplɛznt]|adj.愉快的,快乐的|0|0
please|[pli:z]|int. 请|0|0
pleased|[pliːzd]|adj. 高兴的,愉快的|0|0
pleasure|['pleʒə]|n.愉快;高兴|0|0
plus|[pl∧s]|prep. 加,加上|0|0
pocket|['pɔkit]|n.衣袋|0|0
point|[pɔint]|v.指，指向…|0|0
point at|[pɔint ət]|phr.指示，指向|0|0
point to|[pɔint tə]|phr.指向…|0|0
police|[pəˈliːs]|n.警察(局)|0|0
policeman|[pəˈliːsmən]|n. 警察|0|0
politely|[pəˈlaɪtli]|adv. 有礼貌地|0|0
pollute|[pə'lu:t]|v.污染，弄脏|0|0
pool|[pu:l]|n.水池，水坑|0|0
poor|[pʊər]|adj. 贫穷的,可怜的|0|0
popular|['pɔpjulə]|adj.大众的,流行的|0|0
population|[,pɔpju'leiʃən]|n.人口，人数|0|0
pork|[pɔ:k]|n.猪肉|0|0
porridge|['pɔridʒ]|n.粥;稀饭|0|0
possible|[ˈpɒsɪbl]|adj.可能的|0|0
post|[pəust]|n.邮政,邮寄,邮件|0|0
postal|['pəustəl]|adj.邮政的|0|0
postcard|['pəust,kɑ:d]|n.明信片|0|0
postman|['pəustmən]|n.邮递员|0|0
potato|[pə'teitəu]|n.马铃薯,土豆|0|0
pound|[paund]|n.镑(重量单位)|0|0
pour|[pɔːr]|v.倒；灌；倾泻|0|0
practice|[ˈpræktɪs/ & /ˈpræktɪs]|n.&v.练习，实践|0|0
practise|['præktis]|v.实践；练习|0|0
prefer|[prɪˈfɜr]|v.宁愿（选择），更喜欢|0|0
prefer to|[prɪ'fɜr tʊ]|phr.宁愿（选择），更喜欢|0|0
present|['preznt]|n.礼物|0|0
press|[pres]|v.按，压|0|0
pretty|[ˈprɪti]|adj.漂亮的,美丽的|0|0
prevent|[pri'vent]|v.防止，阻止|0|0
price|[prais]|n.价格,价钱|0|0
pride|[praɪd]|n.自豪；骄傲|0|0
print|[print]|v.打印|0|0
printer|[printə]|n.打印机|0|0
prize|[praɪz]|n.奖品；奖赏|0|0
probably|[ˈprɒbəbli]|adv.很可能；大概|0|0
problem|['prɔbləm]|n.问题,难题|0|0
produce|[prə'dju:s]|v.产生；生产；制造|0|0
program|[ˈprəʊɡræm]|n. 程序,项目,节目|0|0
progress|[ˈprɒɡrɛs]|v.进步，提高，前进|0|0
protect|[prə'tekt]|v.保护|0|0
proud|[praʊd]|adj.自豪的；骄傲的|0|0
provide|[prə'vaid]|v.提供|0|0
province|['prɔvins]|n.省|0|0
public|['pʌblik]|adj.公共的；公众的|0|0
pull|[pʊl]|v.拉,拖,拔|0|0
pumpkin|['pʌmpkin]|n.南瓜|0|0
pupil|['pju:pl]|n.小学生，学生|0|0
purple|[ˈpɜrpəl]|adj & n. 紫色(的)|0|0
purse|[pɜːrs]|n. 钱包|0|0
push|[puʃ]|v.推,挤|0|0
put|[pʊt]|v. 放|0|0
put (sth) down|[pʊt (sth) daʊn]|phr.把某物放下来|0|0
put off|[pʊt ɔf]|phr.推迟，拖延|0|0
put on|['put ɔn]|phr. (戏剧等)上演,放(唱片等)|0|0
put up|[put ʌp]|phr.挂起，举起|0|0
quarrel|[ˈkwɒrəl]|v.争吵|0|0
quarrel with|[ˈkwɒrəl wɪð]|phr.(和某人)吵架|0|0
quarter|[ˈkwɔːtər]|n. 一刻钟,四分之一|0|0
question|['kwɛstʃən]|n.问题|0|0
queue|[kju:]|n.(按次序等待的人,车等的)队,行列|0|0
queue jumper|[kjuː ˈdʒʌmpə]|n.不按次序排队的人|0|0
quick|[kwik]|adj.快的,迅速的|0|0
quickly|['kwikli]|adv.快地,迅速地|0|0
quiet|[ˈkwaɪət]|adj.安静的,平静的|0|0
quietly|[ˈkwaɪətli]|adv.安静地,平静地|0|0
quite|[kwait]|adv.很,十分|0|0
rabbit|['ræbit]|n.兔子|0|0
race|[reɪs]|n. 赛跑|0|0
racket|[ˈrækɪt]|n. (网球,羽毛球等的)球拍|0|0
radio|[ˈreɪdioʊ]|n.收音机|0|0
rail|[reil]|n.轨道；铁路|0|0
railway|['reilwei]|n.（英）铁路|0|0
raincoat|[ˈreɪnˌkoʊt]|n. 雨衣|0|0
rainy|[ˈreɪni]|adj.多雨的,下雨的|0|0
rather|[ˈrɑːðər]|adv. 相当|0|0
rather than|[ˈræðər ðæn]|phr.宁可，是…而不是|0|0
reach|[ri:tʃ]|v.到达,抵达,达到|0|0
read|[ri:d]|n.读,阅读|0|0
reading room|[ˈriːdɪŋ ruːm]|n.阅览室|0|0
ready|['redi]|adj.准备好的,乐意的|0|0
real|[ri:əl]|adj.真正的，真实的|0|0
realize|[ˈriːəˌlaɪz]|v.察觉，领悟，了解|0|0
really|[ˈriəli]|adv.确实,真正地|0|0
receive|[ri'si:v]|v.接受，收到，得到|0|0
recycle|[ri:'saikl]|v.再循环；回收再用|0|0
red|[rɛd]|adj & n. 红色(的)|0|0
reef|[ri:f]|n.岩礁|0|0
refuse|[rɪˈfjuːz]|v. 拒绝|0|0
regard|[rɪˈɡɑrd]|v.看待，当作|0|0
regard… as|[rɪˈɡɑrd əz]|phr.把…当作，当作|0|0
relative|[relətiv]|n.亲属，亲人|0|0
relax|[rɪˈlæks]|v.放松,轻松|0|0
relay|[ˈriːleɪ]|n. 接力,赛跑|0|0
remember|[ri'membə]|v.记起,想起|0|0
repair|[rɪˈpɛr]|v.修理,修补|0|0
report|[rɪˈpɔrt]|n.&v.报导,报告|0|0
rest|[rest]|n.休息|0|0
restaurant|['restərɔnt]|n.饭馆|0|0
result|[rɪˈzʌlt]|n. 结果|0|0
return|[rɪˈtɜːrn]|v. 回来,归还|0|0
review|[rɪˈvjuː]|v. 复习(功课等)|0|0
rewarding|[rɪˈwɔrdɪŋ]|adj.值得作的|0|0
rice|[rais]|n.米饭;大米|0|0
rich|[rɪtʃ]|adj.有钱的,富裕的,丰富的|0|0
riddle|['ridl]|n.谜语|0|0
ride|[raɪd]|v.骑(自行车,马等)|0|0
ridge|[ridʒ]|n.山脉|0|0
right|[rait]|n&adj.右(的),右边(的)|0|0
rim|[rim]|n.边，缘|0|0
ring|[rɪŋ]|v.(钟,铃等)响,摇铃|0|0
ring up|[rɪŋ ʌp]|phr.打电话|0|0
river|[ˈrɪvər]|n. 江,河|0|0
road|[rəud]|n.道路,公路|0|0
rob|[rɒb]|v.抢劫|0|0
robber|[ˈrɒbər]|n.强盗，盗贼|0|0
robbery|[ˈrɒbəri]|n.抢劫案，抢劫|0|0
robot|['rəubɔt]|n.机器人|0|0
rock|[rɑk]|v.震动，摇动|0|0
rocket|[rɔkit]|n.火箭|0|0
roller-skating|['rəuləskeitiŋ]|n.滑旱冰|0|0
room|[ru:m]|n. 房间|0|0
rough|[rʌf]|adj.粗鲁的，激烈的|0|0
round|[raund]|adj.球形的;圆的|0|0
round-trip|['raund,trip]|adj.(车票等)来回的,往返的|0|0
row|[rəu]|n. (一)排,(一)行|0|0
rub|[rʌb]|v.磨,擦|0|0
rubbish|[ˈrʌbɪʃ]|n.垃圾；废物|0|0
rule|[ruːl]|n.规则，规定|0|0
ruler|['ru:lə]|n. 尺子|0|0
run|[rʌn]|v.跑|0|0
run away|[rʌn əwei]|phr.流失,逃跑，逃走|0|0
runner|[ˈrʌnər]|n. 赛跑的人|0|0
rush|[rʌʃ]|v.冲；奔跑|0|0
rush out|['rʌʃ aut]|phr.冲出去|0|0
sad|[sæd]|adj.难过的,悲哀的|0|0
sadly|[ˈsædli]|adv.难过地；悲哀地|0|0
safe|[seif]|adj.安全的,平安的|0|0
safety|['seifti]|n.安全|0|0
salesgirl|['seilzgə:l]|n.女售货员|0|0
salt|[sɔ:lt]|n.盐|0|0
same|[seɪm]|adj. 同样的,同一的|0|0
sand|[sænd]|n.沙，沙子|0|0
sandwich|['sændwitʃ]|n.三明治,夹心面包片|0|0
satellite|['sætəlait]|n.卫星|0|0
save|[seiv]|v.救,挽救,节省|0|0
say|[seɪ]|v. 说;讲|0|0
scenery|['si:nəri]|n.风景；景色|0|0
school|[sku:l]|n. 学校|0|0
schoolbag|[ˈskuːlbæɡ]|n. 书包|0|0
schoolboy|['sku:lbɔi]|n.(中小学的)男学生|0|0
schoolyard|[ˈskuːljɑːrd]|n.校园|0|0
science|[ˈsaɪəns]|n.(自然)科学|0|0
scissors|[ˈsɪzəz]|n. (复数)剪刀|0|0
score|[skɔ:]|n & v （比赛）得分|0|0
screen|[skriːn]|n.屏幕|0|0
scuba|['skju:bə]|n.水肺（潜水者用的水下呼吸器）|0|0
sea|[si:]|n.海,海洋|0|0
seafood|['si:fu:d]|n.海鲜,海产食品|0|0
search|[sə:tʃ]|v.搜查，搜索|0|0
season|[ˈsizən]|n.季节|0|0
seat|[siːt]|n. 座位|0|0
second|['sekənd]|num&adj.第二(的)|0|0
secondhand|['sekənd'hænd]|adj.二手的，用过的|0|0
secret|['si:krit]|n. 秘密|0|0
see|[siː]|v. 看见,看到|0|0
seem|[si:m]|v.好像,似乎|0|0
self-respect|[ˈsɛlf rɪˌspɛkt]|n.自尊，自重|0|0
sell|[sel]|v.卖,售|0|0
seller|[ˈsɛlə]|n. 卖者,售货员|0|0
send|[send]|v.送，寄，派（遣）|0|0
send up|['send ʌp]|phr.发射，把…往上送|0|0
serious|[ˈsɪərɪəs]|adj.严重的,严肃|0|0
serve|[sə:v]|v.上（酒、菜等），开（饭）；服务|0|0
set|[set]|n.装置，设备|0|0
set off|[sɛt ɒf]|phr.出发,动身,起初|0|0
set one's mind to do|[set wʌnz maind tu du]|phr.一心想做…|0|0
seven|['sevn]|num. 七|0|0
several|[ˈsɛvrəl]|adj. & pron.几个；若干|0|0
shall|[ʃæl]|v.(我,我们)将,会|0|0
shape|[ʃeɪp]|n.形状，外形|0|0
shark|[ʃɑ:k]|n.鲨鱼|0|0
sharpener|['ʃɑ:pənə]|n. 卷笔刀|0|0
she|[ʃi:]|pron. 她|0|0
sheep|[ʃiːp]|n. 绵羊|0|0
shelf|[ʃɛlf]|n.架子；搁板|0|0
shellfish|[ˈʃɛlfɪʃ]|n.贝类,甲壳虫|0|0
shepherd|[ʃepəd]|n.牧羊人|0|0
shine|[ʃaɪn]|v. 照亮,发亮|0|0
ship|[ʃip]|n.船,轮船|0|0
shirt|[ʃɜːrt]|n. (男式)衬衫|0|0
shoe|[ʃuː]|n. 鞋|0|0
shoot|[ʃuːt]|v.射击，射死|0|0
shop|[ʃɔp]|n.商店|0|0
shopping|['ʃɔpiŋ]|n.买东西|0|0
short|[ʃɔːrt]|adj. 短的;矮的|0|0
shot|[ʃɑt]|n.（球赛中）击，射门，投篮，发射|0|0
should|[ʃud]|v.aux.(shall的过去式)将,会,应该|0|0
shout|[ʃaut]|v.呼喊,喊叫|0|0
show|[ʃəu]|n&v.演出,展览 给...看,出示|0|0
shower|['ʃauə]|n.降雨,骤雨|0|0
showery|['ʃauəri]|adj.降雨的,多阵雨的|0|0
shut|[ʃʌt]|v.关（门等）|0|0
shut down|['ʃʌt daun]|phr.把…关上|0|0
shy|[ʃai]|adj.害羞的，腼腆的|0|0
sick|[sik]|adj.患病的|0|0
side|[said]|n.边,面|0|0
sign|[sain]|n.标记,符号,痕迹|0|0
silently|[ˈsaɪləntli]|adv. 寂静地,沉默地|0|0
silk|[silk]|n.（蚕）丝|0|0
since|[sins]|conj.由于，既然|0|0
sing|[sɪŋ]|v.唱,唱歌|0|0
single|[siŋgl]|adj.单个的，只有一个的|0|0
sink|[sɪŋk]|v.下沉,沉没|0|0
sir|[sɜːr]|n. (用于尊称)先生,阁下|0|0
sister|['sistə]|n. 姐,妹|0|0
sit|[sɪt]|v. 坐|0|0
sit down|[sɪt daʊn]|phr. 坐下|0|0
six|[siks]|num. 六|0|0
size|[saɪz]|n. 尺寸,大小|0|0
skate|[skeɪt]|v.滑冰,溜冰|0|0
ski|[ski:]|v.滑雪|0|0
skirt|[skɜːrt]|n. 女裙|0|0
sky|[skaɪ]|n. 天空|0|0
sleep|[sli:p]|v.睡,睡觉|0|0
slipper|[slipə]|n.拖鞋，便鞋|0|0
slow|[sloʊ]|v.放慢；减速|0|0
slow down|[sloʊ daʊn]|phr.减缓；减速|0|0
slowly|['sləuli]|adv.缓慢地|0|0
small|[smɔːl]|adj. 小的|0|0
smell|[smɛl]|v.闻,嗅,散发(气味)|0|0
smile|[smail]|n. & v.微笑|0|0
smog|[smɔg]|n.烟雾|0|0
smoke|[sməuk]|v&n.吸烟,烟|0|0
snake|[sneik]|n.蛇|0|0
snow|[snoʊ]|n.&v.雪,下雪|0|0
snowman|[ˈsnoʊˌmæn]|n.雪人|0|0
snowy|[ˈsnoʊi]|adj.多雪的,降雪的|0|0
so|[səu]|pron.这样;如此|0|0
so far|[soʊ fɑr]|phr.到目前为止|0|0
so that|[səu ðæt]|conj.以便，以致|0|0
so-called|[ˈsoʊˈkɔːld]|adj.所谓的|0|0
soccer|['sɔkə]|n.英式足球|0|0
society|[sə'saiəti]|n.社会|0|0
sock|[sɔk]|n.短袜|0|0
software|[ˈsɒftweə]|n. (电脑)软件|0|0
soil|[sɔil]|n.土壤，土地|0|0
soldier|['səuldʒə]|n.士兵,战士|0|0
solve|[sɒlv]|v.解决,解答|0|0
some|[sʌm]|pron. 一些,若干|0|0
somebody|['sʌmbədi]|pron.某人,有人|0|0
someday|[sʌmdei]|adv.（今后）有一天|0|0
someone|[ˈsʌmwʌn]|pron.某人,有人|0|0
something|['sʌmθiŋ]|pro.某事(物)某东西|0|0
sometime|['sʌmtaim]|adv.（未来的）某时|0|0
sometimes|['sʌmtaimz]|adv.有时|0|0
somewhere|[ˈsʌmhwɛə]|adv.某处,在某处|0|0
son|[sʌn]|n. 儿子|0|0
soon|[su:n]|adv.不久,一会儿|0|0
sooner or later|[ˈsuːnər ɔːr ˈleɪtər]|phr.迟早|0|0
sorry|['sɔri]|adj. 对不起,抱歉的|0|0
sound|[saund]|v.听起来|0|0
soup|[su:p]|n.汤|0|0
south|[saʊθ]|n.&v.南方(的),南部(的)|0|0
space|[speis]|n.空间，太空|0|0
spaceship|['speisʃip]|n.宇宙飞船|0|0
speak|[spiːk]|v. 讲,说|0|0
speak highly of|[spiːk ˈhaɪli ʌv]|phr.称赞|0|0
speaker|[ˈspiːkə]|n. 演讲者,说话者|0|0
special|[speʃəl]|adj.特别的，特殊的|0|0
speed|[spiːd]|n. 迅速,速度|0|0
spell|[spel]|v. 拼写|0|0
spend|[spend]|v. 花(时间,钱),度过|0|0
spill|[spɪl]|v.溢出，溅出，洒出|0|0
spirit|['spirit]|n.精神|0|0
spit|[spit]|v.吐痰；吐唾沫|0|0
spoil|[spɔɪl]|v.糟蹋|0|0
spoon|[spu:n]|n.匙,调羹|0|0
sport|[spɔrt]|n.运动|0|0
spring|[sprɪŋ]|n.春天|0|0
square|[skwɛr]|n.平方，（方形的）广场|0|0
stamp|[stæmp]|n.邮票|0|0
stand|[stænd]|v.站,立|0|0
stand in line|[stænd in lain]|phr.站(在)队(里)|0|0
star|[stɑ:]|n.星星,恒星|0|0
start|[stɑ:t]|v.开始,着手|0|0
station|['steiʃən]|n.车站,所,站|0|0
stay|[stei]|v.停留(在某处)|0|0
steal|[stiːl]|v.偷，窃取|0|0
steep|[stiːp]|adj.陡峭的，险峻的|0|0
steer|[stɪər]|n. & v.驾驶,掌舵|0|0
steering wheel|['stɪrɪŋ wi:l]|n.驾驶盘|0|0
step|[stɛp]|n. & v.脚步；走；踏入；踩|0|0
stick|[stɪk]|n. 棒,棍|0|0
still|[stil]|adv.仍旧,更|0|0
stocking|[stɔkiŋ]|n.长统袜|0|0
stop|[stɔp]|v.停止,中止|0|0
stop...from|[stɒp frɒm]|phr.阻止...做|0|0
store|[stɔ:]|v.储藏，存储|0|0
storm|[stɔːm]|n.暴风雨|0|0
story|[ˈstɔri]|n.（房屋的）层|0|0
straight|[streit]|adv.一直地|0|0
strange|[streɪndʒ]|adj.奇怪的,陌生的|0|0
street|[stri:t]|n.街道|0|0
striker|[ˈstraɪkər]|n.（足球）前锋|0|0
strong|[strɔŋ]|adj.强壮的,坚强的|0|0
student|[ˈstjuːdənt]|n. 学生|0|0
study|['stʌdi]|n.书房|0|0
subject|[ˈsʌbdʒɪkt]|n.题目,题材|0|0
success|[səkˈsɛs]|n.成就，成功|0|0
successfully|[səkˈsɛsfəli]|adv.圆满地，顺利地，成功地|0|0
such|[sʌtʃ]|adj.这样的|0|0
suddenly|[ˈsʌdənli]|adv. 突然地|0|0
sugar|['ʃugə]|n.糖|0|0
suit|[sut]|n.一套衣服|0|0
summer|['sʌmə]|n.夏天,夏季|0|0
sun|[sʌn]|n.太阳|0|0
sunglasses|['sʌnglɑ:siz]|n.太阳镜|0|0
sunny|[ˈsʌni]|adj.晴朗的,阳光充足的|0|0
sunshine|[ˈsʌnʃaɪn]|n.日光,阳光|0|0
supermarket|['sju:pə,mɑ:kit]|n.超级市场|0|0
supper|[ˈsʌpər]|n. 晚餐|0|0
suppose|[sə'pəuz]|v.猜想|0|0
sure|[ʃʊr]|adv & adj. 的确,一定; 确信的,肯定的|0|0
surf|[sɜːrf]|v.冲浪|0|0
surfer|[ˈsɜːrfər]|n.冲浪者|0|0
surfing|[ˈsɜːrfɪŋ]|n.冲浪运动|0|0
surprise|[səˈpraɪz]|n.惊奇,惊讶|0|0
sweater|[ˈswɛtər]|n. 毛衣,厚运动衫|0|0
sweep|[swiːp]|v. 扫,扫地|0|0
sweet|[swi:t]|adj.甜的,可爱的|0|0
swim|[swɪm]|v.游泳|0|0
table|[ˈteɪbl]|n. 桌子|0|0
tail|[teɪl]|n.尾巴，尾部|0|0
take|[teik]|v.花费(时间),消耗|0|0
take a seat|[,teik ə 'si:t]|phr.坐下,就坐|0|0
take care of|[teɪk kɛər əv]|phr.照顾,照料,注意|0|0
take exercise|[teɪk ˈɛksəsaɪz]|phr.做运动|0|0
take one's place|[teɪk wʌnz pleɪs]|phr.坐某人的座位,代替某人的职位|0|0
take out|['teik aut]|phr.取出|0|0
take-away|['teikə'wei]|adj. & n.可拿走的(熟食)|0|0
take/leave a message|[teik'li:v ə 'mesidʒ]|phr.捎/留口信|0|0
talk|[tɔ:k]|v.说话,谈话|0|0
tall|[tɔːl]|adj. 高的|0|0
tape|[teɪp]|n. 磁带|0|0
taste|[teist]|v.品尝,有...味道|0|0
taxi|['tæksi]|n.出租汽车|0|0
tea|[ti:]|n.茶|0|0
teach|[ti:tʃ]|v.教,教书|0|0
teach oneself|[tiːtʃ wʌnˈsɛlf]|phr.自学|0|0
teacher|['ti:tʃə]|n. 教师|0|0
team|[ti:m]|n.队,组|0|0
teamwork|[ˈtimwɜrk]|n.合作，协同工作|0|0
teapot|[ti:pɔt]|n.茶壶|0|0
tear|[tɛə]|n.(常用复数)眼泪,泪珠|0|0
technology|[tekˈnɒlədʒi]|n. 技术,工艺学|0|0
telegraph|['teligrɑf]|n.电报|0|0
telephone|[ˈtelɪfəʊn]|v.打电话给(某人)|0|0
tell|[tel]|v.说,告述,吩咐|0|0
temperature|[ˈtɛmpərətʃər]|n.温度|0|0
ten|[ten]|num. 十|0|0
tennis|['tenis]|n.网球(运动)|0|0
tent|[tɛnt]|n.帐篷|0|0
term|[tɜːrm]|n. 学期|0|0
terrible|[ˈterəbl]|adj.可怕的,感到极不舒服的|0|0
terrific|[tə'rifik]|adj.（口语）很棒的，极好的|0|0
textbook|['tekstbuk]|n.课本|0|0
than|[ðæn]|conj.比....,比较....|0|0
thank|[θæŋk]|v. 谢谢|0|0
thankful|[ˈθæŋkfəl]|adj.感激的,感谢的|0|0
thanks|[θæŋks]|n. 谢谢(只用复数)|0|0
thanks to|[θæŋks tə]|phr.由于，幸亏|0|0
thanksgiving|[,θæŋks'giviŋ]|n.感谢,感恩|0|0
that|[ðæt]|pron. 那,那个|0|0
the|[ðə]|art. 这(那)个,这(那)些|0|0
the Great Hall of the People|[ðə ɡreɪt hɔl ʌv ðə ˈpipəl]|n.人民大会堂|0|0
the Olympic Games|[ði əˈlɪmpɪk ɡeɪmz]|phr.奥林匹克运动会|0|0
the Palace Museum|[ðə ˈpæləs mjuˈzɪəm]|n.故宫博物院|0|0
the Summer Palace|[ðə ˈsʌmə ˈpælɪs]|n.颐和园|0|0
the more the better|[ðə mɔ: ðə betə]|phr.越多越好|0|0
the same as|[ðə seim æz]|phr.和...相同|0|0
their|[ðɛə]|pron. 他们(她们,它们)的|0|0
theirs|[ðɛrz]|pron.他们(她们,它们)的|0|0
them|[ðɛm]|pron. 他(她,它)们|0|0
themselves|[ðəmˈsɛlvz]|pron.他们自己|0|0
then|[ðen]|adv.那么,然后|0|0
there|[ðɛər]|int. 好啦(表示安慰)|0|0
there's|[ðɛrz]|there is 的缩写形式|0|0
these|[ði:z]|pron. 这些|0|0
they|[ðeɪ]|pron. 他(她,它)们|0|0
thief|[θiːf]|n.贼|0|0
thin|[θɪn]|adj.瘦的,薄的|0|0
thing|[θɪŋ]|n. 东西,事情|0|0
think|[θiŋk]|v. 想,认为|0|0
think of|[θɪŋk ʌv]|phr.想起|0|0
third|[θə:d]|num&adj.第三的|0|0
thirsty|['θə:sti]|adj.口渴的|0|0
thirteen|['θə:ti:n]|num. 十三|0|0
thirty|[ˈθɜːrti]|num. 三十|0|0
this|[ðis]|pron. 这,这个|0|0
those|[ðəʊz]|pron. 那些|0|0
though|[ðəu]|conj.虽然…，尽管…|0|0
thought|[θɔːt]|n. 思考,思想,想法|0|0
thousand|[ˈθaʊzənd]|num.千|0|0
three|[θri:]|num. 三|0|0
through|[θruː]|prep. 通过,穿过,经过|0|0
throw|[θroʊ]|v.投,掷|0|0
throw about|[θrəʊ əˈbaʊt]|phr.乱丢,抛散|0|0
tick|[tɪk]|n. (钟表等滴嗒的)声音|0|0
ticket|['tikit]|n.票,券|0|0
tidy|['taidi]|adj.整洁的；整齐的|0|0
tie|[tai]|v.捆,(系,栓)紧|0|0
tiger|['taigə]|n.老虎|0|0
till|[til]|prep&pron.(直)到...为止|0|0
time|[taim]|n.次数|0|0
tired|['taiəd]|adj.累,疲乏|0|0
to|[tu:]|prep. (表示方向)到,向 动词不定式符号|0|0
today|[tə'dei]|adv & n. 今天|0|0
toe|[toʊ]|n.脚趾|0|0
tofu|['təufu:]|n.豆腐|0|0
together|[tə'geðə]|adv.一起|0|0
toilet|['tɔilit]|n.厕所|0|0
tomato|[tə'meitəu]|n.(pl.tomatoes)西红柿,蕃茄|0|0
tomb|[tu:m]|n.坟墓|0|0
tomorrow|[tə'mɔ:rəu]|n&adv.明天;在明天|0|0
too|[tuː]|adv. 太|0|0
too...to|[tuː ... tuː]|phr.太...而不能|0|0
tool|[tuːl]|n. 工具|0|0
tooth|[tuːθ]|n.牙齿|0|0
top|[tɔp]|n.顶部|0|0
tourist|[ˈtʊrɪst]|n.旅游者,观光者|0|0
towards|[tə'wɔ:dz]|prep.向，朝|0|0
town|[taun]|n.城镇|0|0
toy|[tɔi]|n.玩具;玩物|0|0
track|[træk]|n.(火车等的)轨道，跑道|0|0
tractor|['træktə]|n.拖拉机|0|0
traditional|[trə'diʃənəl]|adj.传统的，惯例的|0|0
traffic|['træfik]|n.交通|0|0
train|[treɪn]|v.训练，培养|0|0
training|[ˈtreɪnɪŋ]|n.训练，培养|0|0
trap|[træp]|v.使…陷入困境，设陷阱捕捉|0|0
travel|['trævl]|v&n.旅行|0|0
traveller|[trævlə]|n.旅行者|0|0
treat|[trit]|v.治疗，对待|0|0
tree|[tri:]|n. 树|0|0
trip|[trip]|n&v.旅游,旅行|0|0
trouble|[ˈtrʌbl]|n.麻烦,烦恼|0|0
trousers|[ˈtraʊzərz]|n. 裤子|0|0
truck|[trʌk]|n. 卡车|0|0
true|[truː]|adj.真的,真实的|0|0
truth|[truːθ]|n.真理，真相，事实|0|0
try|[traɪ]|v.试(做);设法;努力|0|0
try on|[traɪ ɒn]|phr.试穿（衣服,鞋），试戴（帽子）|0|0
try out|['trai aut]|phr.实验，尝试|0|0
turkey|['tə:ki]|n.火鸡|0|0
turn|[tə:n]|n.(依次轮流的)顺序|0|0
turn down|['tə:n daun]|phr.关小，调低|0|0
turn off|[tɜːn ɒf]|phr.关(电灯,收音机,煤气,自来水等)|0|0
turn on|[tɜːn ɒn]|phr.打开(电灯,收音机,煤气,自来水)|0|0
turn over|['tə:n ,əuvə]|phr.把...翻过来|0|0
turning|['tə:niŋ]|n.拐弯处|0|0
twelfth|[twelfθ]|num&adj.第十二(的)|0|0
twelve|[twelv]|num. 十二|0|0
twentieth|['twentiiθ]|num.第十二|0|0
twenty-first|[,twenti'fə:st]|num.第二十一|0|0
twice|[twaɪs]|adv.两次；两倍|0|0
twin|[twɪn]|n. 双胞胎之一|0|0
two|[tu:]|num. 二|0|0
two-story|[tuː ˈstɔri]|n.两层|0|0
type|[taip]|v.(用打字机或电脑)打字|0|0
uncle|[ˈʌŋkəl]|n. 叔,伯,舅,姨父,姑父|0|0
under|[ˈʌndər]|prep. 在...下面|0|0
underground|[ʌndəgraund]|adj.地下的|0|0
undersea|['ʌndə'si:]|adj.海底的|0|0
universe|[ju:nivə:s]|n.宇宙|0|0
university|[ˌjuːnɪˈvɜːsɪti]|n. 综合性大学|0|0
unless|[ənˈlɛs]|conj.除非；如果不|0|0
unlike|[ʌnˈlaɪk]|prep.不像,和...不同|0|0
unlucky|[ʌnˈlʌki]|adj. 不走运的,不幸的|0|0
until|[ən'til]|prep&pron.到...为止|0|0
unusual|[ʌnˈjuːʒuəl]|adj. 不寻常的,非凡的|0|0
up|[ʌp]|adv. 在上面,在高处,向上,起来|0|0
upstairs|[ˈʌpˈstɛəz]|adj & adv. (在)楼上,(往)楼上|0|0
us|[ʌs]|pron. 我们|0|0
use|[ju:z]|v.用,使用,运用|0|0
used|[ju:st]|adj.用过的，半旧的|0|0
used to|[juːst tuː]|phr.过去常常|0|0
usual|[ˈjuːʒʊəl]|adj. 通常的,平常的|0|0
usually|['ju:ʒuəli]|adv.通常|0|0
vegetable|['vedʒitəbl]|n.蔬菜|0|0
very|['veri]|adv. 很,非常|0|0
very much|[ˈveri mʌtʃ]|phr. 很,非常|0|0
vet|[vɛt]|n.（口语）兽医|0|0
victim|[ˈvɪktɪm]|n.受害者，受骗者|0|0
video|['vidiəu]|n.录像|0|0
village|['vilidʒ]|n.村庄,乡村|0|0
visit|['vizit]|v.访问,参观,拜访|0|0
visitor|[ˈvɪzɪtə]|n.参观者,访问者|0|0
voice|[vɔɪs]|n.说话声,嗓音|0|0
volleyball|['vɑː.li.bɔl]|n.排球|0|0
wag|[wæɡ]|v.摆动，摇动（尾巴等）|0|0
wait|[weit]|v.等,等待|0|0
wait for|[weit fɔ:]|phr.等候|0|0
waiter|['weitə]|n.服务员|0|0
waiting room|[ˈweɪtɪŋ ruːm]|n.等候室,候诊(车,机)室|0|0
wake|[weɪk]|v.(使)醒来|0|0
wake up|[weɪk ʌp]|phr.醒来,唤醒|0|0
walk|[wɔ:k]|v.走,步行,散步|0|0
wall|[wɔːl]|n. 墙|0|0
wallet|[ˈwɒlɪt]|n. 钱夹,皮夹|0|0
want|[wɒnt]|v. 要,想要|0|0
war|[wɔːr]|n.战争|0|0
wardrobe|[ˈwɔːrdrəʊb]|n. 衣柜|0|0
warm|[wɔrm]|adj.暖和的,热情的|0|0
warn|[wɔ:n]|v.警告，提醒|0|0
was|[wɔz]|v.动词be(am,is,are)的过去式|0|0
wash|[wɔʃ]|v.洗,漱洗|0|0
washroom|[ˈwɒʃruːm]|n. 盥洗室,厕所|0|0
waste|[weɪst]|adj.&n.废弃的；无用的；垃圾；废物|0|0
watch|[wɒtʃ]|n & v. 手表、观看,注视|0|0
watch TV|[wɒtʃ ˈtiːviː]|phr. 看电视|0|0
watchtower|['wɔtʃ'tauə]|n.监视塔，瞭望塔|0|0
water|['wɔ:tə]|n.&v.水;浇水|0|0
water-ski|[ˈwɔːtəskiː]|v.做滑水运动|0|0
wave|[weɪv]|n.浪；波浪|0|0
way|[weɪ]|n. 路,道路|0|0
we|[wi:]|pron. 我们|0|0
weak|[wi:k]|adj.弱的,差的|0|0
wear|[wɛə]|v.穿|0|0
wear out|[wɛr aʊt]|phr.把…穿旧，磨坏|0|0
weather|[ˈwɛðər]|n.天气|0|0
week|[wi:k]|n.周;星期|0|0
weekday|['wi:kdei]|n.工作日,平日(除星期六,日以外)|0|0
weekend|['wi:k'end]|n.周末|0|0
welcome|[ˈwelkəm]|v. 欢迎|0|0
well|[wel]|adj&adv.好,(身体)健康|0|0
were|[wə:]|v.动词be(are)的过去式|0|0
west|[wɛst]|n.&adj.西方、西部(的)|0|0
western|[westən]|adj.西方的，西部的|0|0
wet|[wɛt]|adj.湿的|0|0
what|[hwɔt]|pron. 什么|0|0
what's|[hwɔts]|phr. what is 的缩写形式|0|0
wheat|[hwi:t]|n.小麦|0|0
wheel|[hwi:l]|n.轮;机轮|0|0
when|[hwen]|conj.当......时|0|0
whenever|[wɛnˈɛvər]|conj.&adv.无论什么时候；随时|0|0
where|[hwɛə]|adv. 在哪里|0|0
wherever|[hwɛər'evə]|conj & adv 无论在（到）哪里；在任何地方|0|0
whether|['hweðə]|conj.是否|0|0
which|[wɪtʃ]|pron & adj. 哪一个,哪些|0|0
while|[waɪl]|conj.当..时候,和..同时|0|0
white|[waɪt]|adj & n. 白色(的)|0|0
who|[hu:]|pron. 谁|0|0
whole|[həʊl]|adj.全部的|0|0
whom|[hu:m]|pron.谁，哪个人（who的宾格）|0|0
whose|[huːz]|pron. 谁的|0|0
why|[hwai]|adv.为什么|0|0
wide|[waid]|adj.宽的|0|0
widely|[waidli]|adv.广泛地，广阔地|0|0
wife|[waɪf]|n. 妻子|0|0
will|[wɪl]|v.aux. 将,会,要|0|0
win|[wɪn]|v. 获胜,赢|0|0
wind|[wɪnd]|n.风|0|0
window|[ˈwɪndoʊ]|n. 窗|0|0
windy|[ˈwɪndi]|adj.有风的,风大的|0|0
wine|[wain]|n.酒|0|0
winner|[ˈwɪnər]|n. 获胜者|0|0
winter|['wintə]|n.冬天,冬季|0|0
wish|[wiʃ]|n&v.祝愿,希望,想要|0|0
with|[wið]|prep.对....;关于|0|0
without|[wi'ðaut]|prep.无,没有,不|0|0
woman|['wumən]|n. 妇女,女人|0|0
women|[ˈwɪmɪn]|n. woman的复数形式|0|0
wonder|[ˈwʌndər]|v.惊奇，惊讶（对...）感到怀|0|0
wonderful|[ˈwʌndəfəl]|adj.极好的,精彩的|0|0
wood|[wud]|n.木头，木材|0|0
wool|[wul]|n.羊毛，绒线|0|0
woolen|['wulin]|adj.羊毛的，毛织的|0|0
word|[wə:d]|n.词,单词|0|0
work|[wɜːrk]|n. 工作|0|0
worker|[ˈwɜːrkər]|n. 工人|0|0
workplace|['wə:kpleis]|n.工作场所|0|0
worm|[wɜrm]|n.虫，蠕虫|0|0
worried|['wʌrid]|adj.担心的,烦恼的|0|0
worry|[ˈwʌri]|v. (使)担忧|0|0
worse|[wə:s]|adj.更坏,更差|0|0
worst|[wɜ:st]|adj.最坏的,最恶劣的|0|0
worth|[wɜrθ]|adj.值得..的，有..的价值|0|0
write|[rait]|v.写|0|0
write down|[raɪt daʊn]|phr.写下,记下|0|0
writer|['raitə]|n.作家,作者|0|0
writing brush|[raitiŋ brʌʃ]|n.毛笔|0|0
wrong|[rɔ:ŋ]|adj.不正确的;错误的|0|0
yard|[jɑːrd]|n.院子|0|0
yeah|[jɛə]|adv.(口语)是的;嗯|0|0
year|[jiə]|n.年|0|0
yellow|[ˈjɛloʊ]|adj & n. 黄色(的)|0|0
yen|[jɛn]|n.元，日元|0|0
yes|[jɛs]|adv. (用于疑问,征询等)什么,是吗|0|0
yesterday|['jestədi]|n&adv.昨天|0|0
yet|[jet]|adv.(用于否定句)还(没)|0|0
yo-yo|['joʊ.joʊ]|n.溜溜球 (一种玩具)|0|0
you|[ju:]|pron. 你,你们|0|0
young|[jʌŋ]|adj. 年轻的,幼小的|0|0
your|[juə]|pron. 你的,你们的|0|0
yours|[jʊərz]|pron. 你的,你们的|0|0
yourself|[jʊrˈsɛlf]|pron. 你自己|0|0
yourselves|[jɔːˈsɛlvz]|pron.你们自己|0|0
zero|['ziərəu]|num. & n. 零|0|0
zoo|[zu:]|n.动物园|0|0
