A.M.; n.午前; 上午
AID, n.艾滋病
Afric, n.非洲
Africa, a.非洲的; 非洲人的
Americ, n.美国; 美洲
America, a.美国的; 美国人的
Antarcti, a.南极的
Antarctic, n.南极洲
Apri, n.4月
Ara, a.阿拉伯的
Arabi, a.阿拉伯语的
Arcti, a.北极的
Asi, n.亚洲
Asia, a.亚洲的
Atlanti, a.大西洋的
Augus, n.8月
Australi, n.澳洲; 澳大利亚
Australia, a.澳洲的; 澳大利亚人的
B, n.公元前
Belgiu, n.比利时
Britai, n.英国; 不列颠
Britis, a.英国的; 大不列颠的; 英国人的
Buddhis, n.佛教
Buddhis, n.佛教徒
C, 光盘
CD-RO, 信息储存光盘
Canad, n.加拿大
Canadia, a.加拿大的; 加拿大人的
Cheeru, 振作起来！提起精神！
Chin, n.中国
Chines, a.中国的; 中国人的; 中国话的; 汉语的
Christia, n.基督教徒和天主教徒的总称
Christma, n.圣诞节
Christmas Ev, 圣诞夜
Christmas car, 圣诞卡
Christmas tre, 圣诞树
DV, 数码影碟
Decembe, n.12月
D, n.医生; 大夫; 博士
Dynami, a.充满活力;精力充沛的
Dynast, n.王朝; 朝代
Easte, n.复活节
Egyp, n.埃及
Egyptia, a.埃及的; 埃及人的; 埃及语的
Englan, n.英格兰
Englis, a.英国的; 英国人的; 英语的
English-speakin, a.说英语的
Europ, n.欧洲
Europea, a.欧洲的; 欧洲人的
Februar, n.2月
Franc, n.法国
Frenc, n.法语
Frenchma, n.法国人
Frida, n.星期五
Germa, a.德国的; 德国人的; 德语的
German, n.德国
Greec, n.希腊
Gree, a.&n.希腊的; 希腊人的; 希腊语的;希腊人; 希腊语
HongKon, n.香港
, pron.我
Icelan, n.冰岛
Indi, n.印度
India, a.印地安人的; 印度人的
Indicat, v.表明; 象征; 暗示
Irelan, n.爱尔兰
Iris, a.爱尔兰的; 爱尔兰人的
Italia, a.意大利的; 意大利语的
Ital, n.意大利
Januar, n.1月
Japa, n.日本
Japanes, a.日本的; 日本人的; 日语的
Jul, n.7月
Jun, n.6月
Londo, n.伦敦
Los, 失物招领处
Marc, n.3月
Ma, n.5月
Mexica, a.墨西哥的
Mexic, n.墨西哥
MiddleEas, n.中东
Miss.; n.小姐;女士
Mo, n.妈妈
Monda, n.星期一
Mosco, n.莫斯科
Mosle, n.伊斯兰教徒;回教徒
Mosquit, n.蚊子
Mr.; n.先生
Mrs.; n.夫人;太太
Ms.; n.女士
NewYor, n.纽约
NewZealan, n.新西兰
NewZealande, n.新西兰人
No.; n.数字;号码
Novembe, n.11月
O, ad.好;对;不错
Oceani, n.大洋洲
Octobe, n.10月
Olympi, a.&n.奥林匹克
OlympicGame, n.奥运会
Ottaw, n.渥太华
P.C.; “＝”personalcomputer个人电脑
P.E.; “＝”physicaleducation体育
P.M.; n.下午;午后
P, n.下午;午后
Pacifi, a.太平洋的
Pari, n.巴黎
Russi, n.俄罗斯; 俄国
Russia, a.俄国人的; 俄语的
Saturda, n.星期六
Scotlan, n.苏格兰
Scottis, a.苏格兰的
Scratc, v.&n.划破; 划痕; 划伤
Septembe, n.9月
Shangha, n.上海
Spai, n.西班牙
Spanis, a.西班牙人的; 西班牙的; 西班牙语的
Sunda, n.星期日
Swis, a.瑞士人的
Switzerlan, n.瑞士
T-shir, n.T恤衫
TRU, a.真的; 真实的; 忠诚的
T, n.电视机
Thursda, n.星期四
Tibe, n.西藏
Tibet, n.西藏人; 西藏语
Toky, n.东京
Tuesda, n.星期二
U.K.&U, n.英国; 联合王国
U.N.; n.联合国
U.S.A.; n.美国
VC, n.影碟光盘
Wednesda, n.星期三
X-ra, n.X射线; X光
, art.一
abando, v.抛弃; 舍弃; 放弃
abilit, n.能力; 才能
abl, a.能够; 有能力的
abnorma, a.反常的; 变态的
aboar, prep.上
abolis, v.废除; 废止
abortio, v.人工流产; 堕胎
abou, ad.大约; 到处; 四处
abov, prep.在……上面
abroa, ad.到国外
abrup, a.突然的; 意外的; 粗鲁
absenc, n.不在; 缺席
absen, a.缺席; 不在
absolut, a.完全; 全部; 绝对的
absor, v.吸收; 使全神贯注
abstrac, a.&n.抽象的
absur, a.荒谬的; 怪诞不经的
abundan, a.大量;丰盛的;充裕的
abus, v.滥用;虐待;恶语
academi, a.&n.学术的; 教学的
academ, n.专科学院;私立学校
acanopene, 开罐器
accelerat, v.加速; 加快
accen, n.口音; 音调
accep, vt.接受
acces, n.&v.通道;入径;存取
accessibl, a.可到达的; 可接受的; 易相处的
acciden, n.事故; 意外的事
accommodatio, n.住宿; 膳宿
accompan, v.陪同; 陪伴; 与…同时发生
accomplis, v.完成
accordingt, ad.按照; 根据
accoun, n.账目;描述
accountan, n.会计; 会计师
accumulat, v.积累; 积聚
accurac, n.准确; 精确
accus, v.正确无误的;精确的
accustome, a.习惯于;惯常的
ach, vi.&n.痛; 疼痛
achiev, vt.达到; 取得
achievemen, n.成就;成绩;功绩
aci, a.酸的
acknowledg, v.承认
acquaintanc, n.熟人; 认识
acquir, v.获得; 得到
acquisitio, n.获得; 得到
acr, n.英亩
acros, prep.横过; 穿过
ac, n.法令; 条例
actio, n.行动
activ, a.积极的; 主动的
activit, n.活动
acto, n.男演员
actres, n.女演员
actua, a.实际的; 现实的
acut, a.十分严重的;急性的
a, n.广告
ad.; 也
adap, v.使适应; 适合; 改编
adaptatio, n.适应; 改编本
ad, vt.添加; 增加
addicte, a.上瘾; 成瘾; 入迷
additio, n.增加;加
addres, n.地址
adequat, a.合适的; 合乎需要的
adjus, v.调整;调节;适应;习惯
adjustmen, n.调整; 适应
administratio, n.管理;行政部门
admirabl, a.值得赞赏的;可钦佩的
admir, v.钦佩; 羡慕
admissio, n.准入;接纳
admi, vt.承认; 准许
adolescenc, n.青春; 青春期
adolescen, n.青少年
adop, v.收养; 领养
ador, v.热爱; 爱慕某人
adul, n.成年人
advanc, v.推进; 促进; 前进
advantag, n.优点; 好处
adventur, n.冒险; 奇遇
advertis, vt.为……做广告
advertisemen, n.广告
advic, n.忠告; 劝告; 建议
advis, vt.忠告; 劝告; 建议
advocat, v.拥护; 支持; 提倡
aeroplan, n.飞机
affai, n.事; 事情
affec, vt.影响
affectio, n.喜爱; 钟爱
affor, vt.负担得起; 抽得出; 提供
afrai, a.害怕的; 担心
afte, ad.在后; 后来
afternoo, n.下午; 午后
afterwar, ad.后来
agai, ad.再一次; 再; 又
agains, prep.对着; 反对
agarbageca, 垃圾桶
ag, n.年龄; 时代
agenc, n.代理机构
agend, n.议程表; 议事日程
agen, n.代理人; 经济人
aggressio, n.侵略
aggressiv, a.侵略的; 咄咄逼人
ag, ad.以前
agre, v.同意; 应允
agreemen, n.同意; 一致; 协定; 协议
agricultura, a.农业的
agricultur, n.农业; 农学
ahea, ad.在前; 向前
ai, n.援助; 救护; 辅助器具
ai, n.目的; 目标
ai, n.空气; 大气
aircraf, n.飞机
airmai, n.航空邮件
airplan, n.飞机
airpor, n.航空站; 飞机场
airspac, n.领空;空域
alar, n.警报
albu, n.相册; 影集; 集邮簿
alcoho, n.含酒精饮料; 酒
alcoholi, a.&n.含酒精的; 酒鬼
algebr, n.代数
alik, ad.很相似地; 同样地
aliv, a.活着的; 存在的
al, ad.全部地
allergi, a.过敏的; 厌恶
alle, n.小巷; 胡同
allocat, v.拨给;划归;分配…给
allo, vt.允许; 准许
allowanc, n.津贴; 补助
almos, ad.几乎; 差不多
alon, a.单独的; 孤独的
alon, ad.向前; 和…一起; 一同
alongsid, ad.在…旁边;与…同时
alou, ad.大声地
alphabe, n.字母表; 字母
alread, ad.已经
als, ad.也
alternativ, a.可供替代;非传统的
althoug, conj.虽然; 尽管
altitud, n.海拔高度
altogethe, ad.总共
aluminiu, n.铝
alway, ad.总是; 一直; 永远
a, v.be的人称形式之一 
amateu, a.业余爱好的
amaz, v.惊奇; 惊叹; 震惊
amazin, a.惊奇;惊叹的;震惊的
ambassado, n.大使
ambassadres, n.大使
ambiguou, a.模棱两可的
ambitio, n.目标;野心;雄心;抱负
ambulanc, n.救护车
amon, prep.在…中间; 在之间
amoun, n.&v.金额; 数量; 总计
ampl, a.足够的; 丰裕的
amus, vt.快乐; 逗乐
amusemen, n.娱乐
analysi, n.分析; 分析结果
analyz, v.分析
ancesto, n.祖宗; 祖先
ancho, n.锚; 抛锚
ancien, a.古代的; 古老的
an, conj.和; 又; 而
anecdot, n.逸事; 趣闻
ange, n.怒; 愤怒
angl, n.角度
angr, a.生气的; 愤怒的
anima, n.动物
ankl, n.踝; 踝关节
anniversar, n.周年纪念日
announc, vt.宣布; 宣告
announcemen, n.通告; 通知
anno, vt.烦恼
annua, a.每年的; 年度的; 一年一次的
anothe, a.再一; 另一; 别的; 不同的
answe, n.回答;答复;回信;答案
an, n.蚂蚁
antiqu, n.古董
anxiet, n.担忧; 焦虑
anxiou, a.忧虑的; 焦急的
an, pron.哪一个; 哪些任何的; 一些; 什么
anybod, pron.任何人; 无论谁
anyho, ad.不管怎样
anyon, pron.任何人; 无论谁
anythin, pron.什么事; 任何事
anyw, yad.不管怎样
anywher, ad.任何地方
apar, a,[a.相隔; 相距; 除外
apartmen, n.楼中单元房; 一套房间; 房间
apologiz, vi.道歉; 谢罪
apolog, n.道歉; 歉意
apparen, a.显而易见
appea, v.上诉; 申诉; 吸引力
appea, vi.出现
appearanc, n.出现; 露面; 容貌
appendi, n.附录; 阑尾
appetit, n.食欲; 胃口
applau, v.&n.鼓掌;赞许;赞赏
appl, n.苹果
applican, n.申请人
applicatio, n.申请
appl, v.申请
appoin, v.任命; 委任; 安排; 确定
appointmen, n.约会
appreciat, v.欣赏; 感激
appreciatio, n.欣赏;鉴定;评估
approac, n.&v.靠近; 接近; 建议; 要求
appropriat, a.合适的; 恰当的
approv, v.赞成;同意;批准;通过
approximatel, ad.近似; 大约
apro, n.停机坪
arbitrar, a.随心所欲的; 独裁的; 专断的
arc, n.拱; 拱门
architec, n.建筑师; 设计师
architectur, n.建筑学; 建筑设计; 风格
ar, v.是
are, n.面积; 地域; 地方; 区域; 范围; 领域
argu, vi.争辩; 争论
argumen, n.争论; 辩论
aris, vi.起来; 升起; 出现
arise, vi.起来; 升起; 出现
arithmeti, n.算术
ar, n.臂;支架
armchai, n.扶手椅
arm, n.军队
aros, vi.起来; 升起; 出现
aroun, ad.在周围; 在附近
arrang, v.安排; 布置
arrangemen, n.安排; 布置
arres, v.逮捕; 拘留
arriva, n.到来; 到达
arriv, vi.到达; 达到
arro, n.箭; 箭头
ar, n.艺术; 美术; 技艺
articl, n.文章;东西;物品;冠词
artificia, a.人工的; 人造的
artis, n.艺术家
a, ad.&conj.像……一样; 如同; 因为
as, n.灰; 灰末
ashame, a.惭愧; 害臊
asid, ad.在旁边
as, v.问; 请求; 要求; 邀请
aslee, a.睡着的; 熟睡
aspec, n.方面; 外观; 外表
asses, v.评价;评定
assessmen, n.看法; 评价
assis, v.帮助; 协助
assistanc, n.帮助; 援助; 支持
assistan, n.助手; 助理
associat, v.联想; 联系
associatio, n.协会; 社团; 联系
assum, v.假定; 假设
assumptio, n.假定; 假设
astonis, vt.使惊讶
astronau, n.宇航员
astronome, n.天文学家
astronom, n.天文学
a, prep.在;在
at, v.吃
athlet, n.运动员
athleti, a.健壮的;体育运动的
athletic, n.田径
atmospher, n.大气; 气氛
ato, n.原子; 微粒
attac, v.把…固定; 重视
attac, vt.&n.攻击; 袭击
attai, v.获得;得到
attemp, vt.试图; 尝试
atten, v.看护; 照料; 服侍; 出席; 参加
attentio, n.注意; 关心
attentivel, ad.注意地
attitud, n.态度; 看法
attrac, v.吸引; 引起
attractio, n.吸引; 爱慕
attractiv, a.迷人的; 有吸引力的
audienc, n.观众; 听众
aun, n.伯母; 舅母; 婶; 姑; 姨
authenti, a.真正的; 真品的
autho, n.作者; 作家
authorit, n.权力;权威;威信;官方
automati, a.自动的; 机械的
autonomou, a.自治的; 自主的
autum, n.秋天; 秋季
availabl, a.可获得的; 有空的
avenu, n.大道
averag, a.平均; 普通的
avoi, v.避免; 躲开; 逃避
awak, v.唤醒
awar, n.奖品; 奖励
awar, a.知道; 意识到; 发觉
awa, ad.离开; 远离
awesom, a.令人惊叹;很困难的
awfu, a.很坏的; 极讨厌的
awkwar, a.令人尴尬;使人难堪的
bab, n.婴儿
bachelo, n.未婚男子; 单身汉
bac, ad.回; 向后
backach, n.背痛
backgroun, n.背景
backwar, ad.向后
baco, n.咸猪肉; 熏猪肉 
bacteriu, n.细菌
ba, a.坏的; 有害的; 不利的; 严重的
badl, ad.坏; 恶劣地
badminto, n.羽毛球
ba, n.书包; 提包; 袋子
baggag, n.行李
bak, v.烤; 烘
baker, n.面包店
balanc, n.平衡
balcon, n.阳台; 楼座
bal, n.球
balle, n.芭蕾舞
balloo, n.气球
ballpoin, 圆珠笔
bambo, n.竹
ba, n.禁令
banan, n.香蕉
ban, n.乐队
bandag, n.绷带
ban, int.砰
ban, n.岸; 堤
bankaccoun, n.银行账户
ba, n.条块; 棒; 横木
barbecu, n.烤肉野餐
barbe, n.理发师
barbersho, n.理发店
bar, a.裸露的; 光秃秃的
bargai, n.成交的商品; 廉价货
bar, v.狗叫
barrie, n.屏障; 障碍; 关卡
bas, n.根据地; 基地垒
basebal, n.棒球
basemen, n.地下室
basi, a.基本的
basi, n.水盆; 脸盆
basi, n.原因; 缘由; 要素
baske, n.篮子
basketbal, n.篮球
ba, n.球棒
bat, n.洗澡; 浴室; 澡盆
bath, vi.洗澡; 游泳
bathrob, n.浴衣
bathroo, n.浴室; 盥洗室
bathtu, n.澡盆
batter, n.电池
battl, n.战斗; 战役
battlegroun, n.战场
ba, n.湾; 海湾
b, v.是;其人称和时态形式有; 成为
beac, n.海滨; 海滩
bea, n.平衡木
bea, n.豆; 豆科植物
beancur, n.豆腐
bea, v.承受; 负担; 承担; 忍受; 容忍
bear, n.胡须
beas, n.野兽; 牲畜
bea, v.敲打; 跳动; 打赢
beate, v.敲打; 跳动; 打赢
beautifu, a.美; 美丽; 美观的
beaut, n.美丽; 美人
becaus, conj.因为
becom, v.变得; 成为
be, n.床
bedclothe, n.铺盖
bedding, n.卧具; 铺盖
bedroo, n.寝室; 卧室
be, n..蜜蜂
bee, n.牛肉
beehiv, n.蜂箱
bee, n.啤酒
befor, prep.在…以前; 在…前面
be, v.请求; 乞求; 乞讨 
bega, v.开始;着手
begi, v.开始;着手
beginnin, n.开始; 开端
begu, v.开始;着手
behal, n.代表某人; 为了某人
behav, v.守规矩; 行为
behaviou, n.行为; 举止
behin, prep.在…后面
bein, n.物; 生物; 人
belie, n.信条; 信念
believ, v.相信; 认为
bel, n.钟;铃;钟声;钟形物
bell, n.肚子
belon, vi.属; 附属
belo, prep.在……下面
bel, n.带
benc, n.长凳; 工作台
ben, vt.使弯曲
beneat, prep.在…下方
beneficia, a.有利的; 有帮助的; 有用的
benefi, n.&v.优势;益处;使…受益
ben, a.弯的
besid, prep.在…旁边; 靠近
beside, prep.除…以外
bes, a.&ad.最好的; 最好地; 最n.最好的
best--selle, n.畅销书
betra, v.出卖;泄露;辜负
bette, a.&ad.较好的; 更好的; 好些; 更好地; 更; 更多
betwee, prep.在之间; 在…中间
beyon, prep.在…的那边
bicycl, n.自行车
bi, v.&n.出价; 投标; 向道别
bi, a.大的
bik, n.自行车
bil, n.账单; 法案; 议案; 钞票; 纸币
billio, num.十亿; 百亿
bing, n.宾戈游戏
biochemistr, n.生物化学
biograph, n.传记
biolog, n.生物
bir, n.鸟
birdcag, n.鸟笼
birt, n.出生; 诞生
birthda, n.生日
birthplac, n.出生地; 故乡
biscui, n.饼干
bisho, n.主教
bi, v.咬; 叮
bit, v.咬; 叮
bitte, v.咬; 叮
bitte, a.有苦味的; 痛苦的; 难过的; 严酷的
blac, n.黑色
blackboar, n.黑板
blam, n.&v.责备; 责怪
blan, n.&a.空格; 空白; 空的; 茫然无表情的
blanke, n.毛毯; 毯子
blee, vi.出血; 流血
bles, vt.保佑; 降福
ble, v.吹; 刮风; 吹气
blin, a.瞎的
bloc, n.大块; 块; 街区; 路障
bloo, n.血; 血液
blous, n.宽罩衫; 短上衣
blo, v.吹; 刮风; 吹气
blow, v.吹; 刮风; 吹气
blu, n.蓝色
boar, n.木板; 布告牌; 委员会; 部
boa, n.小船; 小舟
boat--rac, n.划船比赛
boatin, n.划船; 泛舟
bod, n.身体
body--buildin, n.健美
boi, v.沸腾; 烧开; 煮……
bom, n.炸弹
bon, n.&v.纽带; 联系; 使牢固
bon, n.骨头; 骨质(复数bones骨骼; 骨骸)
bonu, n.津贴; 奖金; 红利
boo, n.书; 本子
bookcas, n.书橱
bookmar, n.书签
bookshel, n.书架
booksho, n.书店
bookstor, n.书店
boo, n.&v.繁荣; 轰鸣; 激增
boo, n.长统靴; 靴
boot, n.岗; 亭或小隔间
borde, n.边缘; 边境; 国界
bore, a.厌倦的; 烦闷的
borin, a.乏味的; 无聊的
bor, a.出生
borro, v.借用; 借
bos, n.领班; 老板
botanica, a.植物学的
botan, n.植物; 植物学
bot, a.两; 双
bottl, n.瓶子
botto, n.底部; 底
bounc, v.弹起; 蹦; 上下晃动
boun, a.被束缚的; 被绑的; 有义务的
boundar, n.边界; 界限
bo, v.&n.鞠躬; 弯腰行礼
bow, n.碗
bowlin, n.保龄球
bo, n.盒子; 箱子
boxin, n.拳击
bo, n.男孩
boycot, v.拒绝购买; 抵制
brai, n.脑
brak, n.闸
branc, n.树枝; 分枝; 分公司; 分店; 支部
bran, n.品牌
brav, a.勇敢的
braver, n.勇气
brea, n.面包
brea, n.间隙
breakfas, n.早餐
breakthroug, n.重大进展; 突破
breas, n.乳房; 胸脯
breat, n.气息; 呼吸
breath, vi.呼吸
breathles, a.气喘吁吁的; 上气不接下气的
brewer, n.啤酒厂
bric, n.砖; 砖块
brid, n.新娘
bridegroo, n.新郎
bridg, n.桥
brie, a.简洁的
brigh, a.明亮的; 聪明的
brillian, a.巧妙的; 使人印象深刻的; 技艺高的
brin, vt.拿来; 带来; 取来
broa, a.宽的; 宽大的
broadcas, n.广播节目
brochur, n.资料手册
broke, a.弄坏了的
broo, n.扫帚
brothe, n.兄; 弟
brotherhoo, n.兄弟般的关系
brow, n.褐色; 棕色
brunc, n.早午饭
brus, v.刷; 擦
bucke, n.铲斗; 桶
budge, n.预算
buffe, n.自助餐
buil, v.建筑; 造
buildin, n.建筑物; 房屋; 大楼
bu, n.馒头; 小甜面包
bunc, n.串;束;扎;大量;大批
bungalo, n.平房
burde, n.重担; 负担
bureaucrati, a.官僚的
burgla, n.入室窃贼
buria, n.埋葬
bur, v.燃; 烧; 着火; 使烧焦; 使晒黑
burs, v.突然发生; 突然发作
bur, vt.埋; 葬
bu, n.公共汽车
bus, n.灌木丛; 矮树丛
busines, n.工作; 职业; 职责; 生意; 交易; 事业
businessma, n.商人; 男企业家
businesswoma, n.商人; 女企业家
bussto, n。公共汽车站
bus, a.忙的
bu, conj.但是; 可是
butche, n.vt.肉店; 屠夫屠宰; 残杀
butte, n.黄油; 奶油
butterfl, n.蝴蝶
butto, n.纽扣; 按钮
bu, vt.买
b, prep.靠近; 在…旁; 在…时间; 不迟于; 被; 用; 由; 乘
by, int.再见
ca, n.出租车
cabbag, n.卷心菜; 洋白菜
cafeteri, n.自助餐厅
café; n.咖啡馆; 餐馆
cag, n笼; 鸟笼
cak, n.蛋糕; 糕点; 饼
calculat, v.计算; 核算; 推测
cal, n.喊; 叫; 电话; 通话
cal, a.镇静;沉着的
came, n.骆驼
camer, n.照相机; 摄像机
cam, n.营
campaig, n.运动; 战役
ca, v.可能; 能够; 可以不能
cana, n.运河; 水道
canc, rn.癌
cance, vt.取消
candidat, n.候选人; 申请人
candl, n.蜡烛
cand, n.糖果
cantee, n.餐厅; 食堂
ca, n.帽子; 盖; 笔套
capita, n.首都
capsul, n.胶囊
captai, n.上校; 船长; 舰长; 队长
captio, n.说明文字
ca, n.汽车; 小卧车
carbo, n.碳
car, n.卡片; 名片; 纸牌
cardgame, 纸牌游戏
car, n.照料; 保护; 小心
carefu, a.小心; 仔细; 谨慎的
careles, a.粗心的; 漫不经心的
carpente, n.木工; 木匠
carpe, n.地毯
carriag, n.四轮马车;客车厢
carrie, n.搬运者; 媒介;置物架; 货架
carro, n.胡萝卜
carr, vt.拿; 搬; 带; 提; 抬; 背; 抱; 运等
cartoo, n.动画片; 卡通; 漫画
carv, vt.刻; 雕刻
cas, n.情况; 病例; 案件; 真相
cas, n.现金; 现钞
cassettl, n.磁带
cas, v.扔; 抛; 撒
castl, n.城堡
casua, a.漫不经心的; 不经意的; 非正式的
ca, n.猫 
catalogu, n.目录
catastroph, n.灾难; 灾祸; 不幸事件
catc, v.接住; 捉住; 赶上; 染上
categor, n.类别; 种类
cate, v.提供饮食; 承办酒席
cathedra, n.大教堂
catholi, a.天主教的
cattl, n.牛; 家畜
caugh, v.接住; 捉住; 赶上; 染上
caus, n.原因; 起因
cautio, n.谨慎; 小心; 警告
cautiou, a.小心的; 谨慎的
cav, n.洞; 穴; 地窖
ceilin, n.天花板; 顶棚
celebrat, v.庆祝
celebratio, n.庆祝; 庆祝会
cel, n.单人牢房; 单人小室; 小蜂窝; 蜂房; ［生物］细胞
cella, n.地窖; 地下储藏室
cen, n.美分
centigrad, a.摄氏的
centimetr, n.公分; 厘米
centra, a.中心; 中央; 主要的
centur, n.世纪; 百年
ceremon, n.典礼; 仪式; 礼节
certai, a.某…; 确定的; 无疑的; 一定会…
certainl, ad.当然; 一定; 无疑
certificat, n.证明; 证明书
chai, n.链; 链条
chainstor, 连锁店
chai, n.椅子
chairma, n.主席; 会长; 议长
chairwoma, n.女主席;女会长; 女议长
chal, n.粉笔
challeng, n.挑战
challengin, a.具有挑战性的
champio, n.冠军; 优胜者
chanc, n.机会; 可能性
chang, n.零钱; 找头
changeabl, a.易变的; 变化无常的
channe, n.频道; 通道; 水渠
chan, v.&n.反复呼喊
chao, n.混乱; 杂乱; 紊乱
chapte, n.章
characte, n.字
characteristi, a.典型的; 独特的
charg, v.要求收费; 索价; 将充电
char, n.图表; 航海图
cha,  n.&vi.聊天; 闲谈
chea, a.便宜的; 贱
chea, n.&v.骗取; 哄骗; 作弊
chec, n.检查; 批改
chee, n.面颊; 脸蛋
chee, n.&vi.欢呼; 喝彩
cheerfu, a.兴高采烈的; 快活的
cheer, int.干杯; 谢谢; 再见
chees, n.奶酪
che, n.厨师长; 主厨
chemica, a.化学的
chemis, n.药剂师; 化学家
chemistr, n.化学
chequ, n.支票
ches, n.棋
ches, n.箱子; 盒子; 胸部
che, vt.咀嚼
chic, n.小鸡
chicke, n.鸡; 鸡肉
chie, a.主要;首要的
chil, n.孩子; 儿童
childhoo, n.幼年时代; 童年
chimne, n.烟囱; 烟筒
chip, n.炸土豆条
chocolat, n.巧克力
choic, n.选择; 抉择
choi, n.合唱团; 教堂的唱诗班
chok, n.&v.窒息
choos, vt.选择
chopstick, n.筷子
choru, n.合唱曲; 歌咏队
chos, vt.选择
chose, vt.选择
churc, n.教堂; 教会
ciga, n.雪茄烟
cigarett, n.纸烟; 香烟
cinem, n.电影院; 电影
circl, n.&vt.圆圈将…圈起来
circui, n.环形路线; 巡回赛
circulat, v.环流; 循环
circumstanc, n.条件;环境;状况
circu, n.马戏团
citize, n.公民; 居民
cit, n.市; 城市; 都市
civi, a.国内的; 平民的; 民用的
civilia, n.平民; 老百姓
civilizatio, n.文明
cla, vi.拍手; 鼓掌
clarif, v.澄清; 阐明
clas, n.班; 年级; 课
classi, a.一流的; 典型的; 有代表性的
classica, a.传统的; 古典的
classif, v.分类; 归类
classmat, n.同班同学
classroo, n.教室
cla, n.爪
cla, n.黏土; 陶土
clea, vt.弄干净; 擦干净
cleane, n.清洁工
clea, a.清晰; 明亮的; 清楚的
clearl, ad.清楚地; 无疑地
cler, n.书记员; 办事员; 职员
cleve, a.聪明的; 伶俐的
clic, v.点击
climat, n.气候
clim, v.爬; 攀登
clini, n.诊所
cloc, n.钟
clon, n.克隆
clos, a.亲密的; 近; 靠近
clot, n.布
clothe, n.衣服; 各种衣物
clothin, n.衣服
clou, n.云; 云状物; 阴影
cloud, a.多云的; 阴天的
clu, n.俱乐部; 纸牌中的梅花
clums, a.笨拙的; 不灵巧的
co-worke, n.合作者; 同事
coac, n.教练; 马车; 长途车
coa, n.煤; 煤块
coas, n.海岸; 海滨
coa, n.外套; 涂层; 表皮; 皮毛
coc, n.公鸡
coco, n.可可粉
coffe, n.咖啡
coi, n.硬币
coincidenc, n.巧合; 巧事
cok, n.可口可乐
col, a.冷的; 寒的
cold--bloode, a.冷血的
colla, n.衣领; 硬领
colleagu, n.同事
collec, vt.收集; 搜集
collectio, n.收藏品; 收集物
colleg, n.学院; 专科学校
collisio, n.碰撞事故
colou, n.颜色
com, n.梳子
combin, vt.使联合; 使结合
com, vi.来; 来到
comed, n.喜剧
comformode, a.舒服的; 安逸的; 舒服自在的
comfor, n.安慰; 慰问
comm, n.逗号
comman, n.&v.命令
commen, n.评论
commi, v.犯; 自杀
commitmen, n.承诺;允诺;承担
committe, n.委员会
commo, a.普通; 一般; 共有的
communicat, v.交际; 传达
communicatio, n.交际;交往;通讯
communis, n.共产主义
communis, n.共产主义者
companio, n.同伴; 同事
compan, n.公司
compar, vt.比较; 对照
compas, n.罗盘; 指南针
compensat, v.补偿; 弥补
compet, vi.比赛; 竞赛
competenc, n.能力;胜任;管辖权
competitio, n.比赛; 竞赛
competito, n.竞赛者; 比赛者
complet, a.完成
comple, a.&n.复杂的; 建筑群
componen, n.组成部分; 部件
compositio, n.作文; 作曲
comprehensio, n.理解
compromis, v.妥协;折中;让步
compulsor, a.强制的;必须做的
compute, n.电子计算机
computergam, 电子游戏
comrad, n.同志
concentrat, v.聚精会神
concep, n.概念
concer, v.&n.涉及; 关心
concer, n.音乐会; 演奏会
conclud, v.完成; 结束
conclusio, n.结论; 结束
concret, a.混凝土制的
condem, v.谴责; 指责; 宣判
conditio, n.条件; 状况
conduc, vt.引导; 带领
conducto, n.管理人; 指导者; 售票员; 列车员; 乐队指挥
conferenc, n.会议; 讨论
confiden, a.自信的
confidentia, a.机密的; 保密的
confir, v.证实; 证明; 确认
conflic, n.冲突; 争执; 争论
confus, v.使迷惑; 混淆
congratulat, vt.祝贺
congratulatio, n.祝贺; 庆贺
connec, v.连接; 把…联系起来
connectio, n.连接物;接触;联系
conscienc, n.良心; 良知; 内疚
consensu, n.一致的意见; 共识
consequenc, n.结果; 后果
conservatio, n保存; 保护; 管理
conservativ, a.保守的; 守旧的; 保守主义的; 谨慎的
conside, vt.考虑
considerat, a.体贴的
consideratio, n.考虑; 关心
consis, v.包含; 组成; 构成
consisten, a.一致的; 始终如一的; 连续的
constan, a.经常的; 不断的
constitutio, n.宪法; 章程; 身体素质
construc, v.构筑; 建造; 建设
constructio, n.建造;建设;建筑物
consul, v.咨询; 商量
consultan, n.顾问
consum, v.消耗; 耗费
contai, v.包含; 包括; 能容纳
containe, n.容器
contemporar, a.属同时期的; 同一时代的
conten, a.甘愿的;满意的
continen, n.大陆; 大洲; 陆地
continu, vi.继续
contradic, v.反驳; 驳斥; 批驳
contradictor, a.相互矛盾;对立的
contrar, n.&a.相反相反的
contribut, v.贡献
contributio, n.贡献
contro, vt.&n.控制
controversia, a.引起争论的;有争议的
convenienc, n.便利
convenien, a.便利的; 方便的
conventiona, a.依照惯例的; 习惯的
conversatio, n.谈话; 交谈
conve, v.表达; 传递
convinc, v.使确信; 使信服
coo, n.炊事员;厨师
cooke, n.炊具
cooki, n.小甜饼
coo, a.凉的; 凉爽的; 酷
cop, n.抄本; 副本; 一本
cora, n.珊瑚; 珊瑚虫
cordles, a.无线的
cor, n.玉米; 谷物
corne, n.角; 角落; 拐角
corporatio, n.公司
correc, v.改正; 纠正
correctio, n.改正
correspon, vi.一致; 与……相当; 通信; 有书信往来
corrup, a.&v.贪污的; 腐败的; 使腐化; 堕落
cos, v.值; 花费
cos, a.暖和舒适的;亲密无间的
cottag, n.小屋;村舍;别墅
cotto, n.棉花
coug, n.&vi.咳嗽
couldmoda, v.可以…; 可以…; 行
coun, vt.数; 点数
counte, n.柜台; 结账处
countr, n.国家; 农村; 乡下
countrysid, n.乡下; 农村
coupl, n.夫妇; 一对
courag, n.勇气; 胆略
cours, n.过程; 经过; 课程
cour, n.法庭; 法院
courtyar, n.庭院; 院子
cousi, n.堂姐妹
cove, n.盖子; 罩
co, n.母牛; 奶牛
cowbo, n.牛仔;牧场骑士
cras, v.&n.碰撞; 撞击
crayo, n蜡笔; 蜡笔画
craz, a.疯狂的
crea, n.奶油; 乳脂
creat, vt.创造; 造成
creatur, n.生物; 动物
credi, n.信用; 信赖; 信誉
cre, n.全体船员
crim, n.罪; 犯罪
crimina, n.罪犯
criterio, n.标准; 准则; 原则
cro, n.庄稼; 收成
cros, a.脾气不好的; 易怒的
crossin, n.十字路口; 人行横道
crossroad, n.交叉路口
crow, n.人群
crowde, a.拥挤的
crue, a.残忍的; 残酷的; 无情的
cr, n.叫喊; 哭声
cub, n.立方体
cubi, a.立方体的; 立方形的
cuisin, n.饭菜; 佳肴
cultur, n.文化
cu, n.茶杯
cupboar, n.碗柜; 橱柜
cur, n.&vt.治疗; 医好
curiou, a.好奇的; 奇异的
currenc, n.货币; 现金
curriculu, n.全部课程
curtai, n.窗帘
cushio, n.垫子
custo, n.习惯; 习俗; 风俗习惯
custome, n.顾客; 主顾
custom, n.海关; 关税
cu, v.&n.切; 剪; 削; 割;伤口
cycl, vi.骑自行车
cyclis, n.骑自行车的人
da, n.爸爸; 爹爹
dail, a.每日的; 日常的
da, n.水坝; 堰堤
damag, n.&vt.毁坏; 损害
dam, a.&n.潮湿
danc, n.&vi.跳舞
dange, n.危险
dangerou, a.危险的
dar, v.&aux..(后接不带to的不定式; 主要用于疑问; 否定或条件句)敢; 敢于
dar, n.黑暗; 暗处; 日暮
darknes, n.黑暗; 阴暗
das, v.&n.快跑; 冲刺; 短跑
dat, n.资料; 数据
databas, n.资料库; 数据库
dat, n.日期; 约会
daughte, n.女儿
daw, n.黎明; 拂晓
da, n.日; 白天
dayligh, n.日光; 白昼; 黎明
dea, a.死的; 无生命的
deadlin, n.最后期限; 截止日期
dea, a.聋的
dea, n.量; 数额; 交易
dea, int.哎呀！唷！a.亲爱的; 贵的
deat, n.死
debat, n.&v.讨论; 辩论
deb, n.债务; 欠款
decad, n.十年期
decid, v.决定; 下决心
decisio, n.决定; 决心
declar, vt.声明; 断言
declin, v.减少;下降;衰退;谢绝
decorat, vt.装饰…; 修饰…
decoratio, n.装饰; 修饰
decreas, v.减少; 减小; 降低
dee, n.行为; 事迹
dee, a.深
deepl, ad.深深地
dee, n.鹿
defea, vt.击败; 战胜
defenc, n.&v.防御; 防务
defen, vt.防守; 保卫
degre, n.程度; 度数; 学位
dela, v.&n.拖延; 延误; 延迟; 延期; 耽搁
delet, v.删去
deliberatel, ad.故意;蓄意;存心
delicat, a.易损的; 易碎的
deliciou, a.美味的; 可口的
deligh, n.快乐; 乐事
delighte, a.高兴的; 快乐的
delive, vt.投递
deman, vt.要求
dentis, n.牙科医生 
departmen, n.部门; 司; 处; 系
department-stor, n.百货商场
departur, n.离开; 启程
depen, vi.依靠; 依赖; 指望; 取决于
deposi, v.&n.订金; 押金; 放下; 放置; 储存
dept, n.深; 深度
describ, vt.描写; 叙述
descriptio, n.描述; 描写
deser, n.沙漠
deserv, v.应得; 应受
desig, n.&vt.n.设计; 策划图案; 图样; 样式
desir, vt.&n.要求; 期望
des, n.书桌; 写字台
desperat, a.不惜冒险的; 不顾一切的; 拼命的
desser, n.甜点
destinatio, n.目的地; 终点
destro, vt.破坏; 毁坏
detectiv, n.侦探
determinatio, n.决心
determin, vt.决定; 决心
develo, v.发展; 发达; 发育; 开发
developmen, n.发展; 发达; 发育; 开发
devot, vt.把…奉献;把…专用
devotio, n.奉献; 奉献精神
diagra, n.图表; 图样
dia, vt.拨
dialogu, n.对话
diamon, n.钻石; 金刚石; 纸牌中的方块
diar, n.日记; 日记簿
dictatio, n.听写
dictionar, n.词典; 字典
di, v.&aux.做; 干
di, v.死
die, n.饮食
diffe, v.相异; 有区别
differenc, n.不同
differen, a.不同的; 有差异的
difficul, a.难; 艰难; 不易相处
difficult, n.困难; 费力
di, v.挖;掘
diges, v.消化;领会
digita, a..数字的; 数码的
dignit, n.庄重; 庄严; 尊严。尊贵; 高尚
dilemm, n.窘境; 困境
dimensio, n.量度; 尺寸; 面积; 程度; 范围
din, v.吃饭; 进餐
dining-roo, 食堂; 饭厅
dinne, n.正餐; 宴会
dinosau, n.恐龙
dioxid, n.二氧化物
di, vt.浸; 蘸; 把…放入又取出
diplom, n.毕业文凭; 学位证书
direc, a.&vt.直接的; 直达的; 直截了当的指挥; 指导; 监督; 管理; 指挥; 导演
directio, n.方向; 方位
directo, n.所长; 处长; 主任; 董事; 导演
director, n.姓名地址录
dir, n.污物; 脏物
dirt, a.脏的
disabilit, n..残疾; 无能
disable, a.残废的; 残疾的
disadvantag, n.不利条件; 弱点
disagre, vi.意见不一致; 持不同意见
disagreemen, n.意见不一致; 相违; 争论
disappea, vi.消失
disappoin, vt.使失望
disappointmen, n.失望; 沮丧
disaste, n.灾难; 祸患
discoun, n.折扣
discourag, vt.气馁; 打消
discove, vt.发现
discover, n.发现
discriminatio, n.歧视
discus, vt.讨论; 议论
discussio, n.讨论; 辩论
diseas, n.病; 疾病
disgustin, a.极糟的; 令人不快的; 令人厌恶的
dis, n.盘; 碟; 盘装菜; 盘形物
dis, n.磁盘
dislik, vt.不喜爱; 厌恶
dismis, vt.让……离开; 遣散; 解散; 解雇
disobe, vt.不服从
distanc, n.距离
distan, a.远的; 遥远的
distinctio, n.差别;区别;优秀;卓越
distinguis, v.区分; 辨别; 分清
distribut, v.分发; 分配
distric, n.区; 地区; 区域
distur, vt.扰乱; 打扰
disturbin, a.令人不安的; 引起恐慌的
div, vi.跳水
divers, v.不同的; 多种多样; 形形色色的
divid, vt.分; 划分
divisio, n.除
divorc, v.离婚
dizz, a.头眩目晕的
d, v.&aux.做; 干
docto, n.医生; 大夫; 博士
documen, n.文件; 文献
doe, do的第三人称单数现在式)
do, n.狗
dol, n.玩偶; 玩具娃娃
dolla, n.元
don', “＝”donot不做; 不干
don, v.&aux.做; 干
doo, n.门
dormitor, n.学生宿舍
do, n.点; 小点; 圆点
doubl, a.两倍
doub, n.&v.怀疑; 疑惑
dow, prep.沿着; 沿…而下
downloa, n.&v.下载
downstair, ad.在楼下; 到楼下
downtow, ad.往或在城市的商业区
downwar, ad.向下
doze, n.十二个; 几十; 许多
draf, n.&v.草稿; 草案; 起草; 草拟
dra, v.拖; 拽
dran, v.喝; 饮
dra, v.绘画; 绘制; 拉; 拖; 提取
drawbac, n.缺点; 不利条件
drawe, n.抽屉
drawin, n.图画; 素描;绘画
draw, v.绘画; 绘制; 拉; 拖; 提取
drea, n.&vt.梦; 梦想
dres, n.女服; 连衣裙; 服装; 童装
dre, v.绘画; 绘制; 拉; 拖; 提取
drie, n.烘干机; 吹风机
dril, n.钻头; 训练
drin, n.饮料; 喝酒 
driv, v.驾驶; 开; 驱赶
drive, v.驾驶; 开; 驱赶
drive, n.司机; 驾驶员
dro, n.滴
drov, v.驾驶; 开; 驱赶
drow, vi.溺死; 淹没
dru, n.药; 药物; 毒品
dru, n.鼓
drun, a.醉的
dr, v.使…干; 弄干; 擦干
duc, n.鸭子
du, a.预期的; 约定的
dul, a.阴暗的; 单调无味
dumplin, n.饺子
durin, prep.在…期间; 在…过程中
dus, n.黄昏
dus, n.灰尘; 尘土
dustbi, n.垃圾箱
dust, a.尘土般的; 尘土多的
dut, n.责任; 义务
e-mail[, ]-n.电子邮件
eac, a.&pron.每人
eage, a.渴望的; 热切的
eagl, n.鹰
ea, n.耳朵
earl, a.早的
ear, vt.挣得; 赚得
eart, n.地球; 土; 泥; 大地
earthquak, n.地震
eas, v.减轻; 缓解
easil, ad.容易地
eas, a.东方; 东部的; 朝东的; 从东方来
easter, a.东方的; 东部的
eastward, ad.向东
eas, a.容易的; 不费力的
easy--goin, a.随和的
ea, v.吃
eate, v.吃
ecolog, n.生态; 生态学
edg, n.边缘
editio, n.
edito, n.编辑
educat, vt.教育; 培养
educatio, n.教育; 培养
educato, n.教育家
effec, n.效果; 作用
effor, n.努力; 艰难的尝试
eg, n.蛋; 卵
eggplan, n.茄子
eigh, num.八
eightee, num.十八
eight, num.第八
eight, num.八十
eithe, a.两方任一方的; 二者之一
elde, n.长者; 前辈
elec, vt.选举
electri, a.电的
electrica, a.电的; 电器的
electricit, n.电; 电流
electroni, a.电子的
elegan, a.文雅的;漂亮的;精美的
elephan, n.象
eleve, num.十一
els, ad.别的; 其他的
embarras, v.使窘迫; 尴尬
embass, n.大使馆
emergenc, n.紧急情况或状态
empero, n.皇帝
empir, n.帝国
emplo, vt.雇佣
empt, a.空的
encourag, vt.鼓励
encouragemen, n.鼓励
en, n.末尾; 终点; 结束
endin, n.结局; 结尾; 最后
endles, a.无止境的; 没完的
enem, n.敌人; 敌军
ener, yn.精力; 能量
energeti, a.精力旺盛的
engin, n.发动机; 引擎
enginee, n.工程师; 技师
enjo, vt.欣赏; 享受乐趣; 喜欢
enjoyabl, a.愉快的; 有趣的
enlarg, vt.扩大
enoug, n.足够; 充足
enquir, n.询问
ente, vt.进入
enterpris, n.公司; 企; 事业单位
entertainmen, n.娱乐
enthusiasti, a.热情的; 热心的
entir, a.整个的; 全部的
entranc, n.入口; 入场; 进入的权利;入学许可
entr, n.进入
envelop, n.信封
environmen, n.环境
env, vt.&n.忌妒; 羡慕
equa, a.平等的
equalit, n.平等
equi, vt.提供设备; 装备; 配备
equipmen, n.装备; 设备
erase, n.橡皮擦; 黑板擦
erro, n.错误; 差错
erup, v.爆发; 喷发
escap, n.&vi.逃跑; 逃脱
especiall, ad.特别; 尤其
essa, n.散文; 文章; 随笔
evaluat, v.估值; 评价; 评估
eve, ad.甚至; 连; 更
evenin, n.傍晚; 晚上
even, n.事件; 大事
eventuall, ad.最终地
eve, ad.曾经; 无论何时
ever, a.每一; 每个的
everyda, a.每日的; 日常的
everyon, pron.每人; 人人
everythin, pron.每件事; 事事
everywher, ad.到处
evidenc, n.证据; 证明
eviden, a.清楚的; 显而易见的
evolutio, n.进化; 演变
exac, a.精确的; 确切的
exactl, ad.精确地; 确切地
exa, “＝”examinationn.考试; 测试; 检查; 审查
examin, vt.检查; 诊察
exampl, n.例子; 榜样
excellen, a.极好的; 优秀的
excep, prep.除……之外
exchang, n.交换; 掉换; 交流
excit, vt.使兴奋; 使激动
excus, n.借口
exercis, n.锻炼; 做操; 练习; 习题
exhibitio, n.展览; 展览会
exis, vi.存在
existenc, n.存在; 生存; 存在物
exi, n.出口; 太平门
expan, v.扩大; 增加; 扩展
expec, vt.预料; 盼望; 认为
expectatio, n.预料; 期望
expens, n.消费; 支出
expensiv, a.昂贵的
experienc, n.经验; 经历
experimen, n.实验
exper, n.专家; 能手
explai, vt.解释; 说明
explanatio, n.解释; 说明
explici, a.清楚明白;易于理解的
explod, v.爆炸
explor, v.探险
explore, n.探险者
expor, n.&v.出口; 输出
expos, vt.揭露
expres, vt.表达; 表示; 表情
expressio, n.表达; 词句; 表示; 说法; 表情
extensio, n.扩大; 延伸
extr, a.额外的; 外加的
extraordinar, a.离奇的; 使人惊奇的
extrem, a.极其的; 非常的
extremel, ad.极其; 非常
ey, n.眼睛
eyesigh, n.视力; 视觉
eyewitnes, n.目击证人
, n.女; 雌; 英尺
fac, n.脸
facia, a.面部用的
fac, n.事实; 现实
fad, vi.褪色; 消退
fai, v.失败; 不及格; 衰退
failur, n.失败
fai, a.公平的; 合理的
fairl, ad.公正地; 正当地; 相当地
fairnes, n.公平; 公正
fait, n.信仰; 信念
fal, vi.落; 降落; 倒
fals, a.不正确的; 假的
familia, a.熟悉的
famil, n.家庭; 家族; 子女
famou, a.著名的
fa, n.迷; 热心的爱好者
fanc, a.花式; 装饰的; 奇特的
fantas, n幻想; 梦想
fa, a.&ad.远的; 远地
far, n.
far, n.农场; 农庄
farme, n.农民
fas, a.快的; 迅速的; 紧密的
faste, vt.扎牢; 扣住
fa, n.脂肪
fathe, n.父亲
faul, n.缺点; 毛病
favou, n.恩惠; 好意; 帮助
favourit, a.喜爱的
fa, n.传真
fea, n.害怕; 恐惧; 担忧
feas, n.盛宴; 宴会; 节日
feathe, n.羽毛
feder, la.中央的联邦的
fe, n.费; 费用
fee, vt.喂; 饲
fee, v.&link感觉; 觉得; 摸; 触
feelin, n.感情; 感觉
fello, n.同伴; 伙伴
femal, a.女的; 女性的; 雌性的
fenc, n.栅栏; 围栏; 篱笆
ferr, n.渡船
festiva, a.节日的; 喜庆的
fetc, vt.来
feve, n.发烧; 发热
fe, pron.不多; 少数不多的; 少数的
fibr, n.纤维质
fictio, n.小说; 虚构的事
fiel, n.田地; 牧场; 场地
fierc, a.猛烈的
fiftee, num.十五
fift, num.第五
fift, num.五十
figh, n.打仗
fighte, v.战士; 斗士
figur, n.数字; 数目; 图; 图形; 身型; 人物; 人物像
fil, n.公文柜; 档案文档
fil, vt.填空; 装满
fil, n.电影; 影片; 胶卷
fina, a.最后的; 终极的
financ, n.资金; 财政; 财务
fin, vt.找到; 发现; 感到
fin, a.细的; 晴朗的; 美好的; 健康的
finge, n.手指
fingernai, n.指甲
finis, v.结束; 做完
fir, n.火; 火炉; 火灾
fireplac, n.壁炉
firewoo, n.木柴
firewor, n.焰火
fir, n.公司;企业
firml, ad.牢牢地
firs, num.第一
fis, n.鱼; 鱼肉
fisherma, n.渔民; 钓鱼健身者
fis, n.拳
fi, a.健康的;适合的
fittingroo, ]试衣间
fiv, num.五
fi, vt.修理; 安装; 确定; 决定
fla, n.旗; 标志; 旗舰
flam, n.火焰; 光辉
flamin, a.火红的; 火焰般的
flas, n.闪; 闪光; 转瞬间
flashligh, n.手电
fla, a.平的
fle, v.逃走; 逃跑
fles, n.肉
flexibl, a.灵活的; 可变动的
fligh, n.航班
floa, vi.漂浮; 浮动
floo, n.洪水
floo, n.地面; 地板
flou, n.面粉; 粉
flo, vi.流动
flowe, n.花
fl, n.流行性感冒
fluenc, n.流利; 流畅
fluen, a.流利的; 流畅
fl, vi.飞; 飞行; 飘动
focu, v.&n.集中于; 焦点; 中心点
fo, n.雾
fogg, a.多雾的
fol, vt.折叠; 合拢
fol, a.民间的
follo, vt.跟随; 仿效; 跟得上
followin, a.接着的; 以下的
fon, a.喜爱的; 爱好的
foo, n.食物; 食品
foo, n.傻子; 蠢人
foolis, a.愚蠢的; 傻的
foo, n.足; 脚; 英尺
footbal, n.足球; 橄榄球
fo, prep.为了…; 向…; 往…; 与…交换; 防备…; 适合…; 因为…; 在…期间; 对于…; 对…来说
forbi, vt.禁止; 不许
forc, vt.强迫; 迫使
forecas, n.&vt.预告
forehea, n.前额
foreig, a.外国的
foreigne, n.外国人
forese, vt.预见
fores, n.森林
foreve, ad.永远; 永恒的
forge, v.忘记; 忘掉
forgetfu, a.健忘的; 不留心的
forgiv, vt.原谅; 宽恕
for, n.叉; 餐叉
for, n.表格; 形式; 结构
forma, n.安排; 计划; 设计
forme, a.以前的; 从前的; 前者
fortnigh, n.十四日; 两星期
fortunat, a.幸运的; 侥幸的
fortun, n.财产; 运气
fort, num.四十
forwar, ad.将来
foun, vt.成立; 建立
foundin, n.成立; 建立
fountai, n.喷泉
fou, num.四
fourtee, num.十四
fourt, num.第四
fo, n.狐狸
fragil, a.易碎的; 易损的
fragran, a.香的; 芳香的
framewor, n.框架; 结构
fran, n.法郎
fre, a.自由; 空闲的; 免费的
freedo, n.自由
freewa, n.高速公路
freez, vi.结冰
freezin, a.冻结的; 极冷的
frequen, a.经常的; 频繁的
fres, a.新鲜的
frictio, n.摩擦
fridg, n.冰箱
frie, a.油煎的
frien, n.朋友
friendl, a.友好的
friendshi, n.友谊; 友情
frigh, n.惊恐; 恐吓
frighte, vt.使惊恐; 吓唬
fro, n.青蛙
fro, prep.从; 从…起
fron, a.前面的; 前部的
frontie, n.前沿; 边界; 前线
fros, n.霜
frui, n.水果; 果实
fruitjuic, n.果汁
fr, vt.用油煎; 用油炸
fue, n.燃料
ful, a.满的; 充满的; 完全的
fu, n.有趣的事; 娱乐; 玩笑
functio, n.&v.作用;功能;运转
fundamenta, a.十分重大的; 根本的
funera, n.葬礼
funn, a.有趣的; 滑稽可笑的
fu, n.毛皮; 皮子
furnishe, a.配备了家具的
furnitur, n.家具
futur, n.将来
gai, vt.赢得; 挣得
gal, n.强风
galler, n.画廊; 美术品陈列室
gallo, n.加仑
gam, n.游戏; 运动; 比赛
garag, n.汽车间
garbag, n.垃圾
garde, n.花园; 果园; 菜园
gardenin, n.园艺学
garli, n.大蒜
garmen, n.衣服
ga, n.煤气
gat, n.大门
gathe, v.聚集; 采集
ga, a.同性恋的; 快活的; 愉快的
genera, a.大体; 笼统的; 总的
generatio, n.代; 一代
generou, a.慷慨大方的
gentl, a.温柔的; 轻轻的
gentlema, n.绅士; 先生; 有身份、有教养的人
geograph, n.地理学
geometr, n.几何学
gestur, n.姿势; 手势
ge, vt.成为; 得到; 具有; 到达
get--togethe, n.聚会
gif, n.赠品; 礼物
gifte, a.有天赋的; 有才华的
giraff, n.长颈鹿
gir, n.女孩
giv, vt.给;递给;付出;给予
gla, a.高兴的; 乐意的
glanc, vi.匆匆一看; 一瞥
glar, v.瞪眼;怒目而视;闪耀
glas, n.玻璃杯;玻璃; 眼镜
glasshous, n.温室; 暖房
glob, n.地球仪;地球
glor, n.巨大的光荣;荣誉;赞美
glov, n.手套
glu, n.胶水
g, vi.去; 走; 驶; 通到; 到达
goa, n.球门; 目标
goa, n.山羊
go, n.神; 上帝
gol, n.黄金a金的; 黄金的
golde, a.金色的
goldfis, n.金鱼
goldmeda, 金牌
gol, n.高尔夫球
goo, a.好; 良好
good-by, int.再见; 再会
goodnes, n.善良; 美德
good, n.商品; 货物
goos, n.鹅
gover, v.统治; 管理
governmen, n.政府
gow, n.礼服; 长外衣; 睡衣
grad, n.等级; 学年; 成绩; 分数
graduall, ad.逐渐地
graduat, v.毕业
graduatio, n.毕业; 毕业典礼
grai, n.谷物; 谷类
gra, n.克
gramma, n.语法
gran, a.宏伟的
grandchil, n.孙或孙女
granddaughte, n.孙女
grandm, “＝”grandmother n.奶奶; 外婆
grandp, “＝”grandfather n.爷爷;外公
grandparent, n.祖父母
grandso, n.孙子
grann, n.老奶奶; 祖母; 外婆
grap, n.葡萄
grap, n.图表; 曲线图
gras, v.抓住; 紧握
gras, n.草; 草场; 牧草
gratefu, a.感激的; 感谢的
gravit, n.重力; 地球引力
grea, a.伟大的;重要的;好极了
greed, a.贪婪的
gree, a.绿色的; 青的
greengroce, n.蔬菜水果商
gree, vt.问候; 向……致敬
greetin, n.祝贺
grey[gra, a.灰色的; 灰白的
gril, n.烤架
groce, n.零售商人; 食品店
groun, n.地面
grou, n.组; 群
gro, v.生长; 发育; 种植; 变成
growt, n.生长; 增长
grue, n.粥
guarante, v.保证; 担保
guar, n.防护装置; 警戒
gues, vi.猜
gues, n.客人; 宾客
guidanc, n.引导; 指导
guid, n.向导; 导游者
guilt, a.有罪;犯法的;做错事的
guita, n.吉他; 六弦琴
gu, n.枪; 炮
gy, n.体操; 体育馆; 健身房
gymnastic, n.体操
h, int.哈
habi, n.习惯; 习性
hai, n.头发
haircu, n.理发
hal, a.&n.半; 一半; 半个
hal, n.大厅;会堂;礼堂;过道
ha, n.火腿
hamburge, n.汉堡包
hamme, n.锤子; 锣锤
han, n.手; 指针
handba, n.女用皮包; 手提包
handfu, n.把; 少数; 少量
handkerchie, n.手帕
handl, n.柄; 把柄
handsom, a.英俊的
handtruc, n.手推运货车
handwritin, n.书法
hand, a.便利的; 顺手的hangv.处绞刑; 上吊
han, v.悬挂; 吊着; 把……吊起
happe, vi.发生
happil, ad.幸福地; 快乐地
happines, n.幸福; 愉快
happ, a.幸福; 快乐的; 高兴的
harbou, n.港口
har, ad.努力地; 使劲; 猛烈地
hardl, ad.几乎不
hardshi, n.困难
hardworkin, a.努力工作的
har, n.&v.伤害; 损伤
harmfu, a.有害的; 致伤的
harmles, a.无害的;不致伤的
harmon, n.融洽; 和睦
harves, n.&vt.收割; 收获
ha, n.帽子; 礼帽
hatc, v.孵蛋
hat, vt.&n.恨; 讨厌
hav, vt.有; 吃; 喝; 进行; 经受
haw, n.鹰
ha, n.作饲料用的干草
h, pron.他
hea, n.头; 头脑; 才智; 首脑; 源头; 标题
headach, n.头疼
headlin, n.大字标题
headmaste, n.中小学校长
headmistres, n.女校长
healt, n.健康; 卫生
health, a.健康的; 健壮的
hea, n.堆
hea, v.听见; 听说;得知
hearin, n.听力
hear, n.心
hea, n.热
heave, n.天; 天空
heavil, ad.重地; 大量地
heav, a.重的
hee, n.脚后跟
heigh, n.高; 高度
helicopte, n.直升飞机
hell, int.喂; 你好
helme, n.头盔
hel, n.&vt.帮助; 帮忙
helpfu, a.有帮助的; 有益的
he, n.母鸡
he, pron.她;她的
her, n.草药
her, ad.这里; 在这里; 向这里
her, n.英雄; 勇士; 男主角
heroin, n.女英雄; 女主角
her, pron.她的
hersel, pron.她自己
he, int.嘿！
h, int.你好
hibernat, vi.冬眠
hibernatio, n.冬眠
hid, v.把…藏起来; 隐藏
hideandsee, 捉迷藏
hig, a.高的;高度的
highwa, n.公路;主要交通道路
hil, n.小山;丘陵;土堆;斜坡
hillsid, n.山腰; 山坡
hill, a.丘陵的; 多小山的
hi, pron.他
himsel, pron.他自己
hir, vt.租用
hi, pron.他的
histor, n.历史; 历史学
hi, n.&vt.打;撞;击中
hiv, n.蜂房; 蜂箱
hobb, n.业余爱好; 嗜好
hol, vt.拿; 抱; 握住; 举行; 进行
hol, n.洞; 坑
holida, n.假日; 假期
hol, a.神圣的
hom, n.家
homelan, n.祖国
hometow, n.故乡
homewor, n.家庭作业
hones, a.诚实的; 正直的
hone, n.蜂蜜
honou, n.荣誉; 光荣
hoo, n.&v.钩子; 衔接; 连接
hoora, int.好哇！
hop, n.&v.希望
hopefu, a.有希望的; 有前途的
hopeles, a.没有希望;不可救药的
horribl, a.令人恐惧; 恐怖的
hors, n.马
hospita, n.医院
hos, n.主人; 节目主持人
hostes, n.女主人
ho, a.热的
hotdo, n.热狗
hote, n.旅馆; 饭店; 宾馆
hou, n.小时
hous, n.房子; 住宅
housewif, n.家庭主妇
housewor, n.家务劳动
ho, ad.怎样;如何; 多少; 多么
howeve, ad.可是
how, vi.嚎叫; 嚎哭
hu, v.拥抱
hug, a.巨大的; 庞大的
huma, a.人的; 人类的
humanbein, 人
humorou, a.富于幽默的
humou, n.幽默;幽默感
hundre, num.百
hunge, n.饥饿
hungr, a.饿的
hun, vt.寻找; 狩猎; 猎取
hunte, n.猎人
hurrican, n.飓风; 十二级风
hurr, vi.赶快; 急忙
hur, vt.伤害; 受伤; 伤人感情
husban, n.丈夫
hydroge, n.氢
ic, n.冰
ice--crea, n.冰淇淋
ide, n.主意;意见;打算;想法
identificatio, n.鉴定; 辨别
identit, n.身份; 特征
idio, n.习语; 成语
i, conj.如果;假使;是否;是不是
ignor, v.忽视; 对…不理会
il, a.有病的; 不健康的
illega, a.非法的
illnes, n.疾病
imagin, vt.想像; 设想
immediat, a.立即的; 马上
immediatel, ad.立即
immigratio, n.移民
impor, v.&n.进口; 输入
importanc, n.重要性
importan, a.重要的
impossibl, a.不可能的
impres, vt.留下极深的印象
impressio, n.印象; 感觉
improv, vt.改进; 更新
i, prep.在…里; 在…; 以…
inc, n.英寸
inciden, n.事件
includ, vt.包含; 包括
incom, n.收入; 所得
incorrec, a.不正确的; 错误的
increas, v.&n.增加; 繁殖
indee, a.确实; 实在
independenc, n.独立
independen, a.独立的;有主见的
industr, n.工业; 产业
influenc, n.&v.影响
infor, vt.告诉; 通知
informatio, n.信息
informationdes, 问讯处
initia, a.开始的; 最初的
injur, vt.损害; 伤害
injur, n.受伤处
in, n.墨水; 油墨
inlan, a.内陆的; 内地的
in, n.小旅店; 小饭店
innocen, a.无辜的; 清白的
insec, n.昆虫
inser, vt.插入
insid, prep.在…里面
insis, vi.坚持; 坚决认为
inspec, vt.检查; 检验; 审视
inspir, vt.鼓舞; 激励
instan, a.瞬间; 刹那
instea, ad.代替; 顶替
institut, n.所;院; 学院
institutio, n.公共机构; 学校
instruc, vt.通知; 指示; 教
instructio, n.说明;须知;教导
instrumen, n.乐器;工具;器械
insuranc, n.保险
insur, vt.给……保险
intelligenc, n.智力;才智;智慧
inten, vt.想要; 打算
intentio, n.打算;计划;意图
interes, n.兴趣; 趣味;利息
interestin, a.有趣的
internationa, a.国际的
interne, n.互联网; 英特网
interprete, n.翻译
interrup, v.打扰; 打断
interva, n.间歇; 间隔
intervie, n.&vt.采访;会见;面试
int, prep.到…里;向内; 变成
introduc, vt.介绍
introductio, n.引进; 介绍
inven, vt.发明; 创造
inventio, n.发明; 创造
invento, n.发明者; 创造者
invitatio, n.邀请; 请帖
invit, vt.邀请; 招待
iro, n.铁; 熨斗
irrigat, vt.灌溉
irrigatio, n.灌溉
islan, n.岛
i, pron.它
it, pron.它的
itsel, pron.它自己
jacke, n.短上衣; 夹克衫
ja, n.果酱; 阻塞
ja, n.罐子; 坛子
ja, n.下巴
jaz, n.爵士音乐; 爵士舞曲
jean, n.牛仔裤
jee, n.吉普车
je, n.喷气式飞机; 喷射
jewe, n.宝石
jewelr, n.珠宝
jo, n.工作
jo, v.慢跑
joi, v.参加;加入;连接;会合
jok, n.笑话
journalis, n.记者; 新闻工作者
journe, n.旅行; 路程
jo, n.欢乐; 高兴; 乐趣
judg, n.裁判; 审判员; 法官
judgemen, n.裁判
juic, n.汁、液
juic, a.多汁的; 水分多的
jum, n.跳跃; 跳变
jungl, n.丛林; 密林
junio, a.初级的; 年少的
jun, n.废品; 破烂货
junkfoo, 没有营养的垃圾食品
junkmai, 塞到邮箱的广告宣传品
jus, ad.刚才; 恰好; 不过; 仅
justic, n.正义; 公正; 司法
kangaro, n.大袋鼠
kee, v.保持; 保存; 继续不断
keepe, n.饲养员; 看守人
kettl, n.水壶
ke, n.钥匙;答案;键;关键
keyboar, n.键盘
kic, v.&n.踢
ki, n.小孩
kil, v.杀死; 弄死
kil, n.千克; 千米
kilogra, n.千克
kilomet, en.千米
kin, n.种;类
kind-hearte, a.好心的
kindergarte, n.幼儿园
kindnes, n.仁慈; 善良
kin, n.国王
kingdo, n.王国
kis, n.&vt.吻; 亲吻
kitche, n.厨房
kit, n.风筝
kne, n.膝盖
knif, n.小刀;匕首;刀片
knoc, n.&v.敲; 打; 击 
kno, v.知道; 了解; 认识; 懂得
knowledg, n.知识; 学问
la, “＝”laboratoryn.实验室
labou, n.劳动
laboure, n.体力劳动者
lac, n.&vt.缺乏; 缺少
ladde, rn.梯子
lad, n.女士; 夫人
lak, n.湖
lam, n.羔羊
lam, a.跛的; 瘸的; 残废的
lam, n.灯; 油灯; 光源
lan, n.陆地;土地
languag, n.语言
lanter, n.灯笼; 提灯
la, n.一圈
larg, a.大的; 巨大的
lase, n.激光
las, a.最近刚过去;最后的
lat, a.晚的;迟的
latel, ad.最近; 不久前
late, a.晚些的; 迟些的
lates, a.最近; 最新的; 最晚的
latte, n.后者
laug, n.&v.笑; 大笑; 嘲笑
laughte, n.笑; 笑声
laundr, n.洗衣店;要洗的衣服
lavator, n.便所; 厕所
la, n.法律; 法令; 定律
lawye, n.律师
la, vt.放; 搁
laz, a.懒惰的
lea, v.领导; 带领
leade, n.领袖; 领导人
leadin, a.最主要的; 第一位的
lea, n.叶
leagu, n.联盟; 社团
lea, vi.漏; 渗
lear, (learn,learn, --ed--ed)vt.学; 学习; 学会
learne, a.有才华的; 博学的
leas, n.最少; 最少量
leathe, n.皮革
leav, v.离开;把…留下; 剩下
lectur, n.讲课; 演讲
lef, a.左边的
left-hande, a.惯用左手的
left-win, n.左翼的
leftove, a.剩余;剩下的
le, n.腿; 腿脚; 支柱
lega, a.与法律有关的; 法律的
lemo, n.柠檬
lemonad, n.柠檬水
len, vt.借;把…借给
lengt, n.长; 长度; 段; 节
les, a.&ad.少于;小于
lesso, n.课; 功课; 教训
le, vt.让
lette, n.信; 字母
letter-bo, n.信箱
leve, n.水平线; 水平
liberat, vt.解放; 使获自由
liberatio, n.解放
libert, n.自由
libraria, n.图书管理员; 图书馆馆长
librar, n.图书馆; 图书室
licens, n.执照; 许可证
li, n.盖子
li, v.躺;卧;平放;位于
lif, n.生命; 生涯; 生活; 人生; 生物
lifetim, n.一生; 终生
lif, v.举起; 抬起; 消散
ligh, n.光; 光亮; 灯; 灯光
lightnin, n.闪电
lik, prep.像; 跟…一样
likel, a.很可能的
limi, vt.限制; 减少
lin, n.绳索; 线; 排; 行; 线路
lin, v.连接; 联系
lio, n.狮子
li, n.嘴唇
liqui, n.&a.液体; 液体的
lis, n.一览表; 清单
liste, vi.听;仔细听
literar, a.文学的
literatur, n.文学
litr, n.升; 公升
litte, v.乱丢杂物
littl, a.小的;少的
liv, vi.生活;居住;活着
livel, a.活泼的;充满生气的
livin, a.活着的
loa, n.担子; 货物
loa, n.一个面包
loca, a.当地的; 地方的
loc, n.锁
locus, n.蝗虫
lonel, a.孤独的; 寂寞的
lon, a.长的; 远
loo, n.看; 瞧
loos, a.松散的; 宽松的
lorr, n.运货汽车; 卡车
los, vt.失去; 丢失
los, n.丧失; 损耗
lo, n.许多; 好些
lou, a.大声的
loudl, ad.大声地
loudspeake, n.扬声器; 喇叭
loung, n.休息厅; 休息室
lov, n.&vt.爱; 热爱;很喜欢
lovel, a.美好的; 可爱的
lo, a.&ad.低; 矮
luc, n.运气; 好运
luck, a.运气好; 侥幸
luggag, n.行李
lunc, n.午餐; 午饭
lun, n.肺; 肺脏
machin, n.机器
ma, a.发疯的; 生气的
mada, n.夫人;女士
magazin, n.杂志
magi, a.有魔力的
mai, n.女仆; 侍女
mai, n.邮政;邮递
mailbo, n.邮筒; 邮箱
mai, a.主要的
mainlan, n.大陆
majo, a.较大的; 主要的
majorit, n.大多数 
mak, vt.制造;做;使得
mal, a.男的; 雄的
ma, n.成年男人;人类
man-mad, a.人造的; 人工的
manag, v.管理; 设法对付
manage, n.经理
mankin, n.人类;人
manne, n.方式; 态度; 举止
man, pron.许多人
ma, n.地图
mapl, n.枫树
mapleleave, 枫叶
maratho, n.马拉松
marbl, n.大理石; 玻璃弹子
marc, n.游行; 行进
mar, n.标记
marke, n.市场; 集市
marriag, n.结婚; 婚姻
marrie, a.已婚的
marr, v.成婚; 结婚
mas, n.口罩; 面罩; 遮盖物
mas, n.众多;大量;群众
maste, vt.精通; 掌握
ma, n.垫子
matc, vt.使相配; 使成对
materia, n.材料; 原料
mathematic, n.数学
matte, n.要紧事; 要紧;事情; 问题
matur, a.成熟的
maximu, a.&n.最大量; 最大限度
mayb, ad.可能; 大概; 也许
maymoda, v.可以;也许;可能
m, pron.我
mea, n.一餐 
mea, vt.意思;意指
meanin, n.意思; 含意
mean, n.方法; 手段; 财产
meanwhil, ad.同时
measur, v.量
mea, n.肉
meda, n.奖牌
medi, n.大众传播媒介
medica, a.医学的; 医疗的
medicin, n.药
mediu, n.媒体;中间的;中等的
mee, vt.&n.遇见; 见到会; 集会
meetin, n.会;集会;会见;汇合点
melo, n.瓜; 瓜状物
melonsee, 瓜子
membe, n.成员; 会员
memoria, n.纪念馆
memoriz, v.记忆
memor, n.回忆; 记忆
men, v.修理; 修补
menta, a.精神的; 脑力的
mentall, ad.精神上; 智力上
mentio, n.提及; 记载
men, n.菜单
merchan, a.商业的; 商人的
mercifu, a.仁慈的; 宽大的
merc, n.怜悯
merel, ad.仅仅; 只不过
merr, a.高兴的; 愉快的
mes, n.凌乱
messag, n.消息; 音信
mess, a.乱七八糟的
meta, n.金属
metho, n.方法; 办法
metr, n.米; 公尺
microcompute, n.微机
microscop, n.显微镜
microwav, n.微波
mid-autum, n.中秋
midda, n.中午;正午
middl, n.中间;当中;中级的
midnigh, n.午夜
migh, v.aux.(may的过去式; 助动词)可能; 也许; 或许
mil, a.温和;暖和的;凉爽的
mil, n.英里
mil, n.牛奶
millio, num.百万
millionair, n.百万富翁
min, n.思想;想法
min, n.矿藏;矿山
minera, n.矿物质; 矿物
minibu, n.小型公共汽车
minimu, a.最小的
miniskir, n.超短裙
ministe, n.部长; 牧师
ministr, n.部
minorit, n.少数; 少数民族
minu, prep.&a.负的; 减去的
minut, n.分钟;一会儿; 瞬间
mirro, n.镜子
mis, vt.失去; 错过; 缺
missil, n导弹
mis, n.雾
mistak, n.错误
mistake, a.错误的
misunderstan, v.误会; 不理解
mi, v.混合; 搅拌
mixtur, n.混合物
m, n.毫米
mobil, a.活动的; 可移动的
mobilephon, 手提电话; 手机
mode, n.桌子; 表格
modelmanner, 餐桌礼节; 用餐的规矩
modeltenni, n.乒乓球
mode, n.调制解调器
moder, a.现代的
modes, a.谦虚的; 谦逊的
momen, n.片刻; 瞬间
momm, n.妈妈
mone, n.钱; 货币
monito, n.班长; 纠察生; 监视器
monke, n.猴子
mont, n.月; 月份
monumen, n.纪念碑; 纪念物
moo, n.月球; 月光; 月状物
mooncak, n.月饼
mo, n.&v.拖把拖地
mora, a.道德的
mor, a.&ad.另外的; 附加的; 较多的再; 另外; 而且; 更
mornin, n.早晨; 上午
mos, a.&ad.最多
mothe, n.母亲
motherlan, n.祖国
motivatio, n.动机
moto, n.发动机; 马达
motorbik, n.摩托车
motorcycl, n.摩托车
mott, n.箴言; 格言
mountai, n.山; 山脉
mountainou, a.多山的
mour, vt.哀痛; 哀悼
mous, n.鼠; 耗子; 鼠标
moustach, n.小胡子
mout, n.嘴; 口
mouthfu, n.满口; 一口
mov, v.移动; 搬动; 搬家
movemen, n.运动; 活动
movi, n.电影
muc, (mor, most)a.许多的; 大量的
mu, n.泥;泥浆
mudd, a.泥泞的
multipl, vt.乘; 使相乘
murde, vt.谋杀
museu, n.博物馆; 博物院
mushroo, n.蘑菇
musi, n.音乐; 乐曲
musica, a.音乐的; 爱好音乐的
musicia, n.音乐家; 乐师
mustar, n.芥末; 芥子粉
mustmoda, v.必须;应当;必定是
mutto, n.羊肉
m, pron.我的
mysel, pron.我自己
nai, n.钉; 钉子
nam, n.名字;姓名;名称
narro, a.狭窄的
natio, n.民族; 国家
nationa, a.国家的;全国性的; 民族的
nationalit, n.国籍
nationwid, ad.全国范围内的;全国性的
nativ, a.本土的; 本国的
natura, a.自然的
natur, n.自然;性质; 种类
nav, n.海军
nea, a.近的
nearb, a.附近的
nearl, ad.将近; 几乎
nea, a.整洁的; 灵巧的
necessar, a.必需的; 必要的
nec, n.颈; 脖子
necklac, n.项链
neckti, n.领带; 领花
nee, n.需要;需求
needl, n.针
negotiat, v.谈判; 协商
neighbou, n.邻居; 邻人
neighbourhoo, n.四邻; 邻近地区
neithe, a.都不;也不
nephe, n.侄子; 外甥
nervou, a.紧张不安的
nes, n.巢; 窝
ne, n.网
networ, n.网络; 网状系统
neve, ad.决不; 从来没有
ne, a.新的; 新鲜的
new, n.新闻; 消息
newspape, n.报纸
nex, a.最近的; 紧挨着的; 隔壁的; 下一次
nic, a.令人愉快;好的漂亮的
niec, n.侄女; 甥女
nigh, n.夜; 夜间
night-clu, n.夜总会
nin, num.九
ninetee, num.十九
ninet, num.九十
nint, num.第九
n, ad.不;不是
nobl, a.高贵的; 贵族的
nobod, n.渺小人物
no, vi.点头
nois, n.声音; 噪声; 喧闹声
noisil, ad.喧闹地
nois, a.喧闹的; 嘈杂的
non-sto, a.&ad.不停的;不断地
non-violen, a.非暴力的
non, pron.无任何东西;无一人
noodl, n.面条
noo, n.中午; 正午
no, conj.也不
norma, n.&a.正常的
nort, a.北的;朝北的;从北来的
northeas, n.东北
norther, a.北方的; 北部的
northward, ad.向北
northwes, n.西北
nos, n.鼻
no, ad.不; 没
not, n.便条; 笔记; 注释; 钞票; 纸币; 音符; 音调
noteboo, n.笔记簿
nothin, n.没有东西;没有什么
notic, n.布告; 通告; 注意
nove, n.小说
novelis, n.小说家
no, ad.现在
nowaday, ad.当今; 现在
nowher, ad.任何地方都不;无处
nuclea, a.原子核的; 原子能的; 核动力的
num, a.麻木的; 失去知觉的; 迟钝的
numbe, n.数;数字;号码;数量
nurs, n.护士; 保育员
nurser, n.托儿所
nursin, n.保育;护理
nu, n.坚果;果仁
nutritio, n.营养; 滋养
nylo, n.尼龙
o'cloc, n.点钟
obe, v.服从; 顺从; 听从
objec, n.物; 物体; 宾语
observ, v.观察; 监视; 观测
obtai, vt.获得; 得到
obviou, a.显然
occupatio, n.职业; 工作
occu, vi.发生
ocea, n.海洋
o, prep.…
of, prep.离开;脱离;开
offenc, 
offe, n.&vt.提供; 建议
offic, n.办公室
office, n.军官;公务员;官员; 警察; 警官
officia, n.官员;高级职员
offshor, a.近海的
ofte, ad.经常; 常常
o, int.哦！啊！
oi, n.油
oilfiel, n.油田
ol, a.老的; 旧的
omelett, n.煎蛋卷; 煎蛋饼
o, prep.在…上; 关于
onc, n.&ad.一次;一度;从前
on, pron.一num.一
onesel, pron.自己; 自身
onio, n.洋葱; 洋葱头
onl, a.惟一的; 仅有的
ont, prep.到…的上面
ope, a.开着的;开的
opene, n.开具; 启子
openin, n.开放; 口子
oper, n.歌剧
operahous, n.歌剧院;艺术剧院
operat, v.做手术; 运转; 实施; 负责;经营; 管理
operatio, n.手术; 操作
operato, n.接线员
opinio, n.看法; 见解
oppos, vt.反对; 反抗
opposit, n.相反; 对面
optimisti, a.乐观的
optiona, a.可选择的; 选修的
o, conj.或; 就是; 否则
ora, a.口述的; 口头上的
orang, n.橘子; 橙子; 橘汁
orbi, n.运行轨道
orde, vt.定购; 定货; 点菜
ordinar, a.普通的; 平常的
orga, n.器官
organis, vt.组织
organise, n.组织者
organizatio, n.组织; 机构
origi, n.起源; 由来
othe, pron.别人; 别的东西
otherwis, ad.要不然;否则;另样
ouc, int哎哟
ough, v.&aux.应该; 应当
ou, pron.我们的
our, pron.我们的
ourselve, pron.我们自己
ou, ad.出外;在外;向外;熄
outcom, n.结果; 效果
outdoor, ad.在户外;在野外
oute, a.外部的; 外面的
outgoin, a.爱交际的;外向的
outin, n.郊游; 远足
outlin, n.概述; 略述
outpu, n.产量; 输出量
outsid, n.外面
outspoke, a.直率; 坦诚
outstandin, a.优秀的; 杰出的
outwar, ad.向外的; 外出的
outward, ad.向外的; 外出的
ova, n.&adj.椭圆; 椭圆形的
ove, prep.在…上方;越过;遍及
overcoa, n.大衣
overcom, v.克服; 解决
overhea, a.在头顶上;架空的
overloo, v.忽略;不予理会
overweigh, a.太胖的;超重的
ow, vt.欠
ow, a.自己的
owne, n.物主; 所有人
ownershi, n.所有制
o, n.牛; 公牛
oxyge, n.氧; 氧气
p.m.; n.下午;午后
pac, n.步子; 节奏
pac, n.包;捆;一群
packag, n.一包; 一袋; 一盒
packe, n.小包裹; 袋
paddl, n.桨状物; 蹼
pag, n.页; 页码
pai, n.疼痛; 疼
painfu, a.使痛的; 使痛苦的
pain, n.油漆
painte, n.绘画者;画家
paintin, n.油画; 水彩画
pai, n.一双; 一对
palac, n.宫; 宫殿
pal, a.苍白的; 灰白的
pa, n.平底锅
pancak, n.薄煎饼
pand, n.熊猫
pani, a.&v.惊慌;恐慌;惶恐不安
pape, n.纸; 报纸
paperwor, n.日常文书工作
paragrap, n.段落
paralle, n.极其相似的人;纬线
parce, n.包裹
pardo, n.原谅;宽恕;对不起
paren, n.父; 双亲
par, vt.停放
parkin, n.停车
parro, n.鹦鹉
par, n.部分; 成分; 角色; 部件; 零件
part-tim, a.&ad.兼职的; 部分时间的
participat, v.参加; 参与
particula, a.特殊的; 个别的
partl, ad.部分地;在一定程度上
partne, n.搭档; 合作者
pas, vt.传; 递; 经过; 通过
passag, n.一节; 一段; 通道; 走廊
passenge, n.乘客; 旅客
passer-b, n.过客; 过路人
passiv, a.被动的
passpor, n.护照
pas, ad.过
paten, n.专利权; 专利证书
pat, n.小道; 小径
patienc, n.容忍; 耐心
patien, n.病人
patter, n.式样
paus, n.&vi.中止; 暂停; 停止
pa, v.付钱; 给…报酬
pe, n.豌豆
peac, n.和平
peacefu, a.和平的; 安宁的
peac, n.桃子
pea, n.梨子; 梨树
peasan, n.农民; 佃农
pedestria, n.步行者; 行人
pe, n.钢笔; 笔
pen-frien, n.笔友
penci, n.铅笔
pencil-bo, n.铅笔盒
pencil-sharpene, 转笔刀
penn, n.便士; 美分
pensio, n.养老金
peopl, n.人; 人们; 人民
peppe, n.胡椒粉
pe, prep.每; 每一
percen, n.百分之……
percentag, n.百分率
perfec, a.完美的; 极好的
perfor, v.表演; 履行; 行动
performanc, n.演出; 表演
performe, n.表演者; 执行者
perfum, n.香水
perhap, ad.可能; 或
perio, n.时期; 时代
permanen, a.永久的; 永恒的
permissio, n.允许;许可;同意
permi, vt.许可;允许;执照
perso, n.人
persona, a.个人的; 私人的
personall, ad.就自己而言
personne, n.全体人员; 职员
persuad, vt.说服; 劝说
pes, n.害虫
pe, n.宠物; 爱畜
petro, n.石油
phenomeno, n.现象
phon, “＝”telephonev.打电话
phone-boot, n.公用电话间
phot, n.照片
photograp, n.照片
photographe, n.摄影师
phras, n.短语; 习惯用语
physica, a.身体的; 物理的
physicia, n.医生
physicis, n.物理学家
physic, n.物理
pianis, n.钢琴家
pian, n.钢琴
pic, v.拾起; 采集; 挑选
picni, n.&v.野餐
pictur, n.图片; 画片; 照片
pi, n.甜馅饼
piec, n.一块
pi, n.猪
pil, n.堆
pil, n.药丸; 药片
pillo, n.枕头
pilo, n.飞行员
pi, n.别针
pin, n.松树
pineappl, n.菠萝
ping-pon, n.乒乓球
pin, n.品脱
pionee, n.先锋; 开拓者
pip, n.管子; 输送管
pit, n.怜悯; 同情
plac, n.地方; 处所
plai, a.家常的; 普通的
pla, n.&v.计划; 打算
plan, n.飞机
plane, n.行星
plan, vt.种植; 播种
plasti, a.塑料的
plat, n.板; 片; 牌; 盘子; 盆子
platfor, n.讲台;月台
pla, v.玩; 打; 游戏; 播放
playe, n.比赛者; 选手
playgroun, n.操场; 运动场
playmat, n.玩伴
playroo, n.游戏室
pleasan, a.令人愉快的; 舒适的
pleas, v.请;使人高兴;使人满意
please, a.高兴的
pleasur, n.高兴; 愉快
plent, n.充足; 大量
plo, v.&n.故事情节; 密谋
plu, n.塞子
plu, prep.加; 加上
p, n.下午;午后
pocke, n.口袋
poe, n.诗
poe, n.诗人
poin, v.指; 指向
poiso, n.毒药
poisonou, a.有毒的; 致命的
pol, n.杆; 电线杆; 
polic, n.警察; 警务人员
policema, n.警察;巡警policewoman
polic, n.政策; 方针; 原则
polis, v.擦亮
polit, a.有礼貌的;有教养的
politica, a.政治的
politicia, n.政治家
politic, n.政治
pollut, vt.污染
pollutio, n.污染
pon, n.池塘
poo, n.水塘; 水池
poo, a.贫穷; 可怜; 不好的;差的
po, a.大众的; 通俗的
popcor, n.爆米花
popula, a.流行;大众;受欢迎的
populatio, n.人口; 人数
por, n.猪肉
pormode, a.手提的; 便携式的
porridg, n.稀饭; 粥
por, n.港口; 码头
porte, n.搬运工
positio, n.位置
posses, vt.占有; 拥有
possessio, n.所有; 拥有; 财产; 所有物
possibilit, vn.可能; 可能性
possibl, a.可能的
pos, n.邮政; 邮寄; 邮件
postag, n.邮费
postbo, n.邮箱
postcar, n.明信片
postcod, n.邮政编码
poste, n.招贴; 广告
postma, n.邮递员
postpon, vt.推迟; 延期
po, n.锅; 壶; 瓶; 罐
potat, n.土豆; 马铃薯
potentia, a.潜在的; 可能的
poun, n.磅; 英镑
pou, vi.倾泻; 不断流出
powde, n.粉; 粉末
powe, n.力; 动力; 电力
powerfu, a.效力大的; 强有力的; 强大的
practica, a.实际的; 适用的
practic, n.练习
prairi, n.大草原
prais,  n.&vt.赞扬; 表扬
pra, v.祈祷; 祈求
praye, n.祈祷
preciou, a.宝贵的;珍贵的
precis, a.准确;精确的;确切的
predic, v.预言; 预告; 预报
prefe, vt.宁愿;更喜欢
preferenc, n.选择; 趋向
pregnan, a.怀孕的
prejudic, n.偏见; 成见
premie, n.首相; 总理
preparatio, n.准备
prepar, vt.准备;预备;调制;配制
prescriptio, n.处方; 药方
presen, a.出现的; 出席的
presentatio, n.演示; 演出
preserv, v.保护; 保留; 保存
presiden, n.总统; 主席
pres, vt.压;按
pressur, n.压迫;压力;压强
preten, vi.假装; 装作
prett, a.漂亮的; 俊俏的
preven, vt.防止;预防
previe, vt.预习;试演;预展
pric, n.价格; 价钱
prid, n.自豪; 骄傲
primar, a.初等的; 初级的
primaryschoo, 小学
primitiv, a.原始的; 远古的
principl, n.道德原则; 法则
prin, vt.印刷
printe, n.打印机
printin, n.印刷; 印刷术
priso, n.监狱
prisone, n.囚犯
privat, a.私人的
privileg, 特权; 特殊待遇
priz, n.奖赏; 奖品
probabl, a.很可能;很有希望的
probabl, ad.很可能; 大概
proble, n.问题; 难题
procedur, n.程序;手续;待遇
proces, n.&v.过程;加工;处理
produc, vt.生产; 制造
produc, n.产品; 制品
productio, n.生产; 制造
professio, n.
professo, n.教授
profi, n.利润; 收益
programm, n.节目; 项目
progres, n.进步;上进
prohibi, v.禁止
projec, n.工程
promis, n.&vi.答应; 允诺
promot, v.促进;推动;促销;晋升
pronounc, vt.发音
pronunciatio, n.发音
prope, a.恰当的; 合适的
properl, ad.适当地
protec, vt.保护
protectio, n.保护
prou, a.自豪的; 骄傲的
prov, vt.证明
provid, vt.提供
provinc, n.省
psycholog, n.心理学
pu, n.酒店; 酒吧
publi, a.公共;公众的
publicl, ad.当众; 公开地
publis, t.出版; 发行
pul, 拉; 拖n.拉力; 引力
puls, n.脉搏; 脉动; 搏动
pum, t.用泵抽水
punctua, a.准时的
punctuat, v.加标点
punctuatio, n.标点符号
punis, v.惩罚; 处罚
punishmen, n.惩罚
pupi, n.学生
purchas, v.购买; 采购
pur, a.纯的;不掺杂的
purpl, n.&a.紫色
purpos, n.目的; 意图
purs, n.钱包
pus, n.&v.推
pu, vt.放; 摆
puzzl, n.难题;谜
puzzle, a.迷惑的; 困惑的
pyrami, n.角锥形; 金字塔
quak, n.&v.震动; 颤抖
qualificatio, n.资格; 学历
qualit, n.质量; 性质
quantit, n.量; 数
quarre, vi.争吵; 吵架
quarte, n.四分之一; 一刻钟
quee, n.皇后; 女王
questio, vt.询问
questionnair, n.调查表; 问卷
queu, n.行列; 长队
quic, a.快; 敏捷的; 急剧的
quie, a.安静的; 寂静的
quil, n.被子; 被状物
qui, v.离任; 离校; 戒掉
quit, ad.完全; 十分
qui, n.测验; 小型考试
rabbi, n.兔; 家兔
rac, n.种族; 民族
racia, a.种族的
radiatio, n.放射; 放射物
radi, n.无线电; 收音机
radioactiv, a.放射性的
radiu, n.镭
ra, n.破布; 抹布
rai, n.铁路
railwa, n.铁路; 铁道
rai, n.雨; 雨水
rainbo, n.虹; 彩虹
raincoa, n.雨衣
rainfal, n.一场雨; 降雨量
rain, a.下雨的; 多雨的
rais, vt.使升高; 饲养
rando, a.随意;未经事先考虑的
rang, n.&v.变化; 变动; 排序
ran, n.职衔; 军衔
rapi, a.快的; 迅速的
rar, a.罕见的; 稀有的
ra, n.老鼠
rat, n.&v.率; 评估; 评价
rathe, ad.相当; 宁可
ra, a.生的;未煮过的;未加工的
rawmateria, 原料
ra, n.光辉; 光线
razo, n.剃须刀
reac, v.到达; 伸手够到
reac, v.回应; 过敏; 起物理; 化学反应
rea, v.读; 朗读
readin, n.阅读; 朗读
read, a.准备好的
rea, a.真实的; 确实的
realis, vt.认识到;实现
realit, n.现实
realiz, vt.认识到;实现
really, ad.真正地; 到底; 确实
reaso, vi.评理;劝说
reasonabl, a.合乎情理的
rebuil, vt.重建
receip, n.收据
receiv, v.收到; 得到
receive, n.电话听筒
recen, a.近来的; 最近的
receptio, n.接待
receptionis, n.接待员
recip, n.烹饪法; 食谱
recit, v.背诵
recognis, vt.认出
recogniz, vt.认出
recommen, v.推荐
recor, v.录制; 记录
recorde, n.录音机
recordholde, 记录保持者
recove, vi.痊愈; 恢复
recreatio, n.娱乐; 消遣
rectangl, n.&a.长方形;长方形的
recycl, vt.回收; 再循环
re, n.红色
redirec, vt.使改变; 使转移
reduc, vt.减少; 缩减
refe, vi.谈到;提到;涉及;有关
refere, n.裁判; 仲裁; 调解员
referenc, n.提到;涉及;谈及;查询
reflec, v.反映; 反射
refor, v.&n.改革; 改进; 改良
refres, v.使恢复精力; 提醒
refreshment, n.点心; 便餐; 简单茶点招待
refrigerato, n.冰箱
refusa, n.拒绝
refus, vi.拒绝; 不愿
regar, v.把……看作
regardles, a.不顾; 不加理会
regard, n.问候; 致意
registe, n.登记簿; 花名册; 注册员
regre, n.&vt.可惜;遗憾;痛惜;哀悼
regula, a.规则的; 经常
regulatio, n.规则; 规章
rejec, v.拒绝
relat, vi.有关; 涉及
relatio, n.关系; 亲属
relationshi, n.关系
relativ, n.亲属; 亲戚
rela, v.放松; 轻松
rela, n.接力; 接替人; 中转
relevan, a.紧密相关;有意义的
reliabl, a.可信赖的; 可依靠的
relie, n.轻松;解脱;缓和;救济
religio, n.宗教
religiou, a.宗教的
rel, v.依赖; 依靠
remai, vt.余下;留下
remar, n.陈述; 话; 议论
remembe, v.记得; 想起
remin, vt.提醒; 使记起
remot, a.偏远的; 偏僻的
remov, vt.移动; 拿走; 脱掉
ren, n.&v.租金
repai, n.&vt.修理; 修补
repair, n.修理工作
repea, vt.重说; 重做
replac, vt.取代
repl, n.回答; 答复
repor, n.&v.报道; 报告
reporte, n.记者; 新闻通讯员
represen, vt.代表
representativ, n.代表;典型人物
republi, n.共和国
reputatio, n.名声; 名誉
reques, n.请求; 要求的事物
requir, vt.需求; 要求
requiremen, n.需要; 要求; 必要的条件
rescu, vt.营救; 援救
researc, n.研究; 调查
resembl, v.像; 看起来像
reservatio, n.预定
reserv, n.&v.储备; 预定
resig, v.辞职
resis, v.抵抗; 挡开
respec, vt.&n.尊敬; 尊重
respon, v.回答;回应;作出反应
responsibilit, n.责任; 负责
res, n.休息; 剩余的部分; 其余的人
restauran, n.饭馆;饭店
restric, v.限制
restrictio, n.限制; 约束
resul, n.结果; 效果
retel, vt.重讲; 重复; 复述
retir, v.退休
retur, v.归还
reus, vt.重新使用; 循环使用
revie, vt.重新调查; 回顾; 复习
reviewe, n.评论者; 书评家
revisio, n.复习; 温习
revolutio, n.革命; 变革
rewar, n.奖赏
rewin, v.回转
rewrit, vt.重写
rhym, n.&v.押韵
ric, n.稻米; 米饭
ric, a.富裕的; 有钱的
ri, vt.使摆脱
riddl, n.谜
rid, v.骑; 乘车
ridiculou, a.荒谬的; 愚蠢的
righ, n.权利
right-hande, a.惯用右手的
right-win, n.右翼
rigi, a.死板的;僵硬的;固执的
rin, v.响; 打电话
ring-roa, n.环形公路
rip, a.成熟的; 熟的
ripe, v.成熟
ris, vi.上升; 上涨
ris, n.&v.危险; 风险; 冒险
rive, n.江; 河; 水道; 巨流
roa, n.路; 道路
roas, v.烤
ro, v.抢夺; 抢劫
robo, n.机器人
roc, n.岩石;大石头
rocke, n.火箭
rol, n.角色
rol, v.滚动;打滚
rolle, n.滚筒; 辊
rollerskating, 滑旱冰
roo, n.屋顶; 顶部
roo, n.房间;室;空间;地方
rooste, n.公鸡
roo, n.根; 根源; 起源
rop, n.绳; 索
ros, n.玫瑰花
ro, vi.烂; 腐败
roug, a.粗糙的; 粗略的
roun, ad.转过来
roundabou, a.&n.绕道的; 不直接的; 转盘路
routin, n.常规;正常顺序;无聊
ro, n.行
roya, a.皇家的; 王室的; 国王的; 女王的
rubbe, n.橡胶; 合成橡胶
rubbis, n.垃圾; 废物
rud, a.无理的;粗鲁的
rugb, n.橄榄球
rui, vt.毁坏; 毁灭
rul, n.规则;规定
rule, n.统治者; 直尺
ru, vi.跑; 奔跑; 褪色
runne, n.赛跑者; 操作者; 滑行装置
runnin, n.跑步
rus, vi.冲; 奔跑
sacre, a.害怕; 恐惧; 担心
sacrific, vt.牺牲
sa, a.悲伤的
sadnes, n.悲哀; 忧伤
saf, a.安全的
safet, n.安全; 保险
sai, n.航行
sailin, n.航海
sailo, n.水手; 海员
sala, n.色拉
salar, n.薪金; 薪水
sal, n.卖; 出售
salesgir, n.女售货员
salesma, n.男售货员
saleswoma, n.女售货员
sal, n.盐
salt, a.盐的; 咸的; 含盐的
salut, v.&n.敬礼
sam, n.同样的事a同样的;同一
san, n.沙; 沙子
sandwic, n.三明治
satellit, n.卫星
satisfactio, n.满意
satisf, vt.满足; 使满意
sauc, n.酱汁; 调味汁
sauce, n.茶碟; 茶托; 小圆盘
sausag, n.香肠; 腊肠
savag, n.野蛮人; 未开化的人
sav, vt.救; 挽救; 节省
sa, vt.说; 讲
sayin, n.说; 俗话; 谚语
sca, v.略读; 浏览; 扫描
sca, n.伤疤; 伤痕
scar, v.使害怕; 使恐惧
scar, n.领巾; 围巾
scen, n.一场; 场景; 布景
scener, n.风景; 景色; 风光
sceptica, a.怀疑的
schedul, n.工作计划; 日程安排
schola, n.学者
scholarshi, n.奖学金
schoo, n.学校
school-leave, n.学校毕业生
schoolba, n.书包
schoolmat, n.同校同学
scienc, n.科学; 自然科学
scientifi, a.科学的
scientis, n.科学家
scissor, n.剪刀; 剪子
scol, vt.责骂
scor, n.&v.得分; 分数
score, n.许多; 很多
screa, n.尖叫
scree, n.幕; 荧光屏
sculptur, n.雕塑; 雕刻作品; 雕像
se, n.海; 海洋
seagul, n.海鸥
sea, n.海豹
seama, n.水手; 海员
searc, n.&v.搜寻; 搜查
seashel, n.海贝
seasid, n.海滨
seaso, n.季; 季节
sea, n.座位; 座
seawee, n.海草;海藻;海带
secon, n.秒
secondhan, n.二手货;旧货
secre, n.秘密; 内情
secretar, n.秘书; 书记
sectio, n.段; 部分; 部门
secur, a.安心的;有把握的;牢靠的
securit, n.安全; 平安
se, vt.看见; 看到; 领会; 拜会
see-sa, n.跷跷板
see, n.种子
see, vt.试图;探寻
see, v.似乎; 好像
seiz, vt.抓住
seldo, ad.很少; 不常
selec, vt.选择; 挑选; 选拔
sel, n.自己; 自我; 自身
self-servic, n.自助;自我服务的
selfis, a.自私的
sel, v.卖; 售
semicircl, n.半圆
sen, v.打发; 派遣; 送; 邮寄
senio, a.年长的;资深的;高年级的
sens, n.感觉; 意识
sensitiv, a.体贴的;善解人意的
sentenc, n.句子
separat, v.使分开; 使分离
separatel, ad.单独地; 各自地
separatio, n.分离; 隔离
seriou, a.严肃的;严重的;认真的
servan, n.仆人; 佣人
serv, vt.招待;服务
servic, n.服务
service-charg, n.服务费;小费
sessio, n.一场;一节;一段时间
se, vt.释放; 安置
settl, vi.安家; 定居
settlemen, n.新拓居地; 部落; 村落
settle, n.移居者; 开拓者
seve, num.七
seventee, num.十七
sevent, num.第七
sevent, num.七十
severa, pron.几个;数个
sever, a.极为恶劣;十分严重的
se, vi.缝;缝制; 缝补; 缝纫
se, n.性; 性别
shabb, a.破旧;破烂;衣衫褴褛的
shad, n.阴凉处; 树荫处
shado, n.影子;阴影
shak, v.动摇; 震动
shal, v.aux.将要; 会; ……好吗
shallo, a.浅的;不深的;肤浅的
sham, n.遗憾的事; 羞愧
shap, n.形状; 外形
shar, vt.分享; 共同使用
shar, n.鲨鱼
shar, a.锋利的; 尖的
sharpe, v.变锐利; 削尖
sharpene, n.削尖用的器具
shav, v.刮
shave, n.理发师; 刮胡须的用具; 骗子。
sh, pron.她
shee, n.羊; 羊皮; 驯服者
shee, n.成幅的薄片; 薄板
shel, n.架子; 搁板; 格层; 礁; 陆架
shelte, n.掩蔽; 隐蔽处
shin, n.光泽; 光彩; 阳光; 晴天; 光
shi, n.船; 轮船
shir, vn.男衬衫
shoc, vt.使震惊
sho, n.鞋
shoo, vt.射击; 射中; 发射
shootin, n.射击
sho, vi.买东西
shopassistan, 售货员
shopkeepe, n.店主; 零售商人
shoppin, n.买东西
shor, n.滨; 岸
shor, a.短的; 矮的
shortcomin, n.缺点; 短处
shortl, ad.不久
short, n.短裤; 运动短裤
shortwav, [weɪv]n.短波
sho, n.射击; 开枪; 开炮; 射击声; 子弹
shoul, v.mod.应当; 应该; 会
shoulde, n.肩膀;路肩
shou, n.&v.喊; 高声呼喊
sho, v.给…看;出示;显示
showe, n.阵雨; 淋浴
shrin, v.缩小; 收缩; 减少
shu, v.&n.关上; 封闭; 禁闭; 
shuttl, vn.合拢班车[机
shy, a.害羞的
sic, a.有病;患病的;呕吐
sicknes, n.疾病
sid, n.边; 旁边; 面; 侧面
sideroa, n.人行道
sidewa, n.岔路; 旁路
sideway, ad.斜向一边的
sig, vi.叹息; 叹气
sigh, n.情景; 风景; 视力
sightseein, n.游览; 观光
sig, n.符号; 标记
signa, n.信号; 暗号
signatur, n.签名
significanc, n.重要性; 意义
silenc, n.安静; 沉默
sil, n.丝; 丝织品
sill, a.傻的; 愚蠢的
silve, n.银
simila, a.相似的; 像
simpl, a.简单的; 简易的
simple-minde, a.纯朴;头脑简单
simplif, v.使简化; 使简易
simpl, ad.简单地;的确
sinc, ad.从那时以来
sincerel, ad.真诚地
sin, v.唱; 唱歌
singe, n.歌唱家; 歌手
singl, a.单一的; 单个的
sin, vi.下沉; 消沉
si, n.先生; 阁下
siste, n.姐; 妹
sister-in-la, n.嫂; 弟媳
si, vi.坐
situatio, n.形势; 情况
si, num.六
sixtee, num.十六
sixteent, num.第十六
sixt, num.第六
sixt, num.六十
siz, n.尺寸; 大小
skat, vi.溜冰; 滑冰
skateboar, n.冰鞋; 滑板
sk, n.&vi.滑雪板; 滑雪
skil, n.技能; 技巧
skille, a.熟练的; 有技能的
skillfu, a.熟练;精湛的;灵巧的
skillfull, ad.精湛地;巧妙地
ski, n.皮; 皮肤; 兽皮
ski, v.蹦蹦跳跳; 跳绳
skippin, rope绳
skir, n.女裙
sk, n.天; 天空
skyscrape, n.摩天楼
slav, n.奴隶
slaver, n.奴隶制度
slee, vi.睡觉
sleep, a.想睡的;困倦的;瞌睡的
sleev, n.袖子; 袖套
slic, n.片; 切面片
slid, n.幻灯片;滑道
sligh, a.轻微的; 细小的
sli, a.苗条的; 纤细的
sli, n.片; 条; 纸片; 纸条
slo, ad.慢慢地; 缓慢地
smal, a.小的; 少的
smar, a.灵巧的; 伶俐的; 时髦的; 帅的
smel, v.嗅; 闻到; 发气味
smell, a.有臭味的;发出臭味的
smil, n.&v.微笑
smode, a.稳固的; 牢固的
smo, n.烟雾
smok, n.烟
smoke-fre, a.非吸烟的;无烟的
smoke, n.吸烟者
smokin, n.吸烟;抽烟;冒烟
smoot, a.光滑的;平坦的
snac, n.小吃
snackba, n.快餐店
snak, n.蛇
snatc, v.夺; 夺得; 夺走
sneake, n.
sneez, v.打喷嚏
snif, v.抽鼻子
sno, n.雪
snowbal, n.雪球
snowma, n.雪人
snow, a.雪的; 下雪的; 多雪的
s, ad.如此; 这么; 非常; 同样
so-s, a.一般; 不怎么样; 凑合
soa, n.肥皂
so, n.&v.抽泣; 啜泣
socce, n.英式足球
socia, a.社会的; 社交的
socialis, n.社会主义
socialis, a.社会主义的
societ, n.社会
soc, n.短袜
socke, n.插座
sof, n.沙发
softbal, n.垒球
softdrin, n.清凉饮料
softwar, n.软件
soi, n.土壤; 土地
sola, a.太阳的
soldie, n.士兵; 战士
soli, a.结实的;固体的
som, a.一些; 若干; 有些; 某一
somebod, pron.某人; 有人; 有名气的人
someon, pron.某一个人
somethin, pron.某事; 某物
sometime, ad.有时
somewher, ad.在某处
so, n.儿子
son, n.歌唱; 歌曲
soo, ad.不久;很快;一会儿
sorro, n.悲伤; 悲痛
sorr, a.对不起;抱歉;难过的
sor, v]t.把…分类; 拣选
sou, n.灵魂; 心灵; 气魄
soun, vi.听起来;发出声音
sou, n.汤
sou, a.酸的; 馊的
sout, a.南的; 向南的; 从南来的
souther, a.南部的; 南方的
southwes, n.西南
souvenir, n.旅游纪念品;纪念物
so, vt.播种
spac, n.空间
spaceshi, n.宇宙飞船
spad, n.铲子;纸牌中的黑桃
spar, a.空闲;多余的; 剩余的
sparro, n.麻雀; 雀型鸟类
spea, v.说; 讲; 谈话; 发言
speake, n.演讲人; 演说家
spea, n.矛; 枪; 梭镖
specia, a.特别的; 专门的
specialis, n.专家; 专科医生; 专家; 专业人员
specifi, a.明确的;具体的;独特的
speec, n.演讲
spee, n.速度
spel, vt.拼写
spellin, n.拼写; 拼读
spen, v.度过; 花费
spi, v.&n.纺; 快速旋转; 旋转; 旋转运动
spiri, n.精神
spiritua, a.精神的; 心灵的
spi, v.吐唾沫; 吐痰
splendi, a.灿烂的; 辉煌的; 极好的
spli, v.撕开;切开
spoke, a.口语的
spokenma, n.发言人
sponso, n.赞助者; 赞助商
spoo, n.匙;调羹
spoonfu, n.一匙
spor, vn.体育运动; 锻炼; 运动会
spo, n.斑点; 污点; 场所; 地点
spra, n.&v.水雾;喷雾喷洒
sprea, v.延伸; 展开
sprin, n.春天;春季
sp, n.密探;间谍
squar, n.广场
squeez, n.挤压; 捏; 塞
squi, n.鱿鱼
squirre, n.松鼠
stadiu, n.体育场
staf, n.全体职工
stag, n.舞台; 阶段
stai, n.污点; 污渍; 染色剂
stainles, a.无污点的
stainlessstee, 不锈钢
stai, n.楼梯
stam, n.邮票
stan, v.站; 立; 起立; 坐落; 经受; 持久
standar, n.&a.标准
sta, n.星; 恒星
star, vi.盯; 凝视
star, v.开始; 着手; 出发
starvatio, n.饥饿; 饿死
starv, v.饿死
stat, n.状态; 情形; 国家; 州
statemen, n.声明; 陈诉; 说法
statesma, n.政治家
statesman[woma, n.政治家
statio, n.站; 所; 车站; 电台
statistic, n.统计数字; 统计资料; 统计学
statu, n.法令; 法规; 章程
statu, n.法律地位
sta, n.&vi.停留; 逗留; 呆
stead, a.稳固的; 平稳的
stea, n.牛排; 肉排; 鱼排
stea, vt.偷;窃取
stea, n.汽; 水蒸气
stee, n.钢; 钢铁
stee, a.险峻的; 陡峭的
ste, n.脚步;台阶;梯级
step-mothe, n.继母
stewar, n.男服务员; 男乘务员
stewardes, n.女乘务员;空中小姐
stic, vi.粘住; 钉住; 坚持
stil, a.不动的;平静的
stockin, n.长统袜
stomac, n.胃; 胃部
stomachach, n.胃疼
ston, n.石头; 石料
sto, n.停; 站
stopwatc, n.记秒表; 跑表
storag, n.贮藏; 储存
stor, n.商店
stor, n.风暴; 暴雨
stor, n.故事; 小说
stou, a.肥壮的; 厚实牢固的
stov, n.火炉; 煤炉; 电炉
straigh, a.一直的; 直的
straightforwar, a.&ad.简单的; 坦率的
strai, n.海峡
strang, a.奇怪;奇特的;陌生的
strange, n.陌生人; 外人
stra, n.稻草
strawberr, n.草莓
strea, n.小河; 溪流
stree, n.街; 街道
strengt, n.力量; 力气
strengthe, vt.加强; 增强
stres, n.精神压力; 心理负担
stricke, vt.擦火;侵袭
stric, a.严格的; 严密的
strik, v.鸣;敲;罢工
strin, n.细绳; 线; 带
stron, a.强的; 坚固的; 强烈的; 坚强的
struc, vt.擦火;侵袭
struggl, vi.斗争
stubbor, a.固执的; 倔强的
studen, n.学生
studi, n.工作室; 演播室
stud, v.学习; 研究
stupi, a.愚蠢的; 笨的
styl, n.方式; 作风; 款式
subjec, a.隶属的; 受支配的; 易受…的; 在…条件下
subjectiv, a.主观的
submi, v.提交; 呈递
subscrib, v.订阅;订购
substitut, v.代替; 取代
subtractio, n.减
succee, vi.成功
succes, n.成功
successfu, a.成功的;有成就的
suc, ad.那么
suc, vt.吸吮
sudde, a.突然的
suffe, vi.受苦; 遭受
sufferin, n.痛苦; 苦难
suga, n.糖
sugges, vt.建议; 提议
suggestio, n.建议
suimode, a.合适的; 适宜的
sui, vt.适合
suitcas, n.小提箱;衣箱
suit, n.套间; 组曲
summar, n.摘要; 概要
summe, n.夏天; 夏季
su, n.太阳; 阳光
sunburn, a.晒黑的
sunglasse, n.太阳眼镜; 墨镜
sunligh, n.日光; 阳光
sunn, a.晴朗的;阳光充足的
sunris, n.黎明; 拂晓
sunse, n.日落
sunshin, n.阳光
supe, a.顶好的; 超级的
super, a.卓越的;质量极高的
superio, a.更胜一筹的
superma, n.超人
supermarke, n.超级市场
suppe, n.晚餐; 晚饭
suppl, vt.&n.供给; 供应
suppor, vt.&n.支持; 赞助
suppos, vt.猜想;假定;料想
suprem, a.至高无上的;最高的
sur, a.确信; 肯定
surfac, n.表面
surgeo, n.外科医生
surplu, n.过剩; 剩余
surpris, vt.使惊奇;使诧异
surroun, vt.围绕; 包围
surroundin, a.周围的
surviva, n.存活; 幸存
surviv, v.生存; 存活; 幸免于难
suspec, n.犯罪嫌疑人
suspensio, n.暂令停职;推迟;延期
swallo, vt.吞下; 咽下
swa, v.交换
swea, v.咒骂; 诅咒
swea, n.汗; 汗水
sweate, n.厚运动衫; 毛衣 
swee, v.扫除; 扫
swee, n.甜食;蜜饯;甜点;糖果;芳香
swel, v.肿胀
swif, a.快的; 迅速的
swi, vi.游泳;游
swimmin, n.游泳
swimmingpoo, n.游泳池
swin, vt.挥舞; 摆动
switc, v.&n.开关;转换;改变
swor, n.剑; 刀
symbo, n.象征
sympath, n.同情
symphon, n.交响乐
sympto, n.症状
syste, n.体系; 系统
systemati, a.系统的;有条理的
tai, n.尾巴
tailo, n.裁缝
tak, vt.拿; 拿走; 做; 服用; 乘坐; 花费
take, vt.拿; 拿走; 做; 服用; 乘坐; 花费
tal, n.故事;传说
talen, n.天才; 天赋
tal, n.&v.谈话;讲话;演讲;交谈
