Afric, n.非洲
Americ, n.美国
Augus, n.八月
Australi, n.澳大利亚
Australia, adj.澳大利亚人
BASI, n.(电脑)初学者通用符号指令码
Berli, n.柏林
Bosto, n.波士顿(美国马萨诸塞州的首府)
Brazi, n.巴西
Britai, n.英国，不列颠
Britis, adj.英国人的
CD playe, phr.激光唱机
Canad, 加拿大
Canadia, n.加拿大人
Cano, n.佳能（照相机牌名）
Chin, n. 中国
Chines, adj. 中国的;中国人的；n. 中国人;汉语
Christma, n.圣诞节
DV, n.光碟;影碟
Decembe, n.十二月
Englan, n. 英格兰
Englis, n. & adj. 英语;英国人
Englishma, n(pl.Englishmen)英国(男)人
Februar, n. 二月
Franc, n.法国
Frenc, n.法语
Frenchma, n.法国人
Frida, n.星期五
German, n.德国
Gobi Deser, n.戈壁沙漠
Here you ar, phr. 给你
Hong Kon, n. 香港
How are you？; 询问句 你(身体)好吗?
How do you do ?; phr. 你好!
, pron. 我
I'l, I will 的缩写形式
I', phr. I am 的缩写形式
I, n. 身份征
India, n. & adj.印度人(的);印第安人(的)
Interne, n.因特网，互联网络
It', phr. it is 的缩写形式
Italia, n. & adj.意大利人(的);意大利语(的)
Ital, n.意大利
It, pron. 它的
Januar, n.一月
Japa, n.日本
Japanes, adj. 日本的;日本人；n. 日本人，日语
Jul, n.七月
Jun, n.六月
Let me se, phr. 让我想想
Let's g, phr. 我们一起去
Londo, n. 伦敦
Maca, n. 澳门
Marc, n.三月
Microsof, n. 微软公司
Mis, n. 女士;小姐(对未婚妇女的称呼)
Monda, n.星期一
Mosco, n.莫斯科
M, n. 先生(用于姓名前)
Mr, n. 夫人
M, n.女士(用于婚姻状况不明的女名)
New Yor, n.纽约
N, n. number 的缩写形式
Novembe, n.十一月
O, adv. (口语)好;对;不错;可以
Octobe, n.十月
Olympi, adj.奥林匹克的
P, n. 体育
Peking oper, n.京剧
Rom, n.罗马(意大利首都)
Russia, n & adj. 俄国的;俄国人(的); 俄语(的)
SA, n. 特别行政区
Saturda, n.星期六
Scotlan, n.苏格兰
Septembe, n.九月
Spring Festiva, n.春节
Sunda, n.星期日
Sydne, n. 悉尼
T-shir, n. 短袖无领汗衫;T恤(衫)
T, n. 电视;电视机
Thanksgiving&=&Thanksgiving Da, phr.感恩节
This wa,please.; phr. 请走这边
Thursda, n.星期四
Titani, n.泰坦尼克(船名)
Toky, n. 东京
Toront, n.多伦多(加拿大港市)
Tuesda, n. 星期二
Turke, n.土耳其
US, n.美国
Washingto, n. 华盛顿
Wednesda, n.星期三
What about...?; phr. (询问消息;征求意 见)…怎么样?
Young Pionee, n. 少先队员
, art. 一(个;件...)
a TV se, phr.一台电视
a bi, phr.一点儿
a bit (of); phr.少量(的);一点
a bottle o, phr. 一瓶...
a fe, phr.一些;几个
a place of interes, phr.名胜
a.m.; n. 午前;上午
abl, adj.有能力的，能干的
abou, adv. 大约
abov, prep.在...上面
abroa, adv.到国外；在国外
acciden, n.事故;灾难
acros, prep.穿过;横过
activ, adj. 积极的
activit, n.活动
a, n.广告
addres, n. 地址
aeroplan, n.飞机
affor, v. 有足够的(钱/时间)做(某事)
afrai, adj.害怕的
afte, prep. 在...以后;在...后面
after a whil, phr.过了一会儿
afternoo, n. 下午;午后
agai, adv.又;再
again and agai, phr.再三地;一再地;反复地
agains, prep.与…对抗，对着
ag, n. 年龄
agre, v.同意;赞成
ai, n.天空;空气
alik, adj.相似的，相像的
aliv, adj.活着的
al, adv.全体;全部
all by onesel, phr.独立;单独
all ove, phr.遍及
all righ, phr. 好;行;不错
all the year roun, phr.一年到头
allo, v.允许，准许
almos, adv. 几乎;差不多
alon, adv.独自的;单独的
alon, prep.沿着;顺着 一起;一道
alread, adv.已经
als, adv.也
althoug, conj.虽然；尽管
a, v. 是
amaz, v.使…大为惊讶，使惊
amazin, adj.令人惊奇的
amon, prep.在……当中
a, art. 一(个;件.)
an, conj. 和;又;而
ange, n.天使，守护神
angr, adj.发怒的;生气的
anima, n. 动物
anothe, adj&conj.另一个(的);又一个(的)
answe, v. 回答
an, adj. (用于否定句;疑问句等)什么;任何
any mor, phr.再;更
anybod, pron.任何人
anyon, pron.任何人
anythin, pron.任何事(物)
anytim, adv.在任何时候
anywher, adv.任何地方
appea, v.出现，露面
appl, n. 苹果
ar, v. 是
aren', are not 的缩写形式
ar, n. 手臂;胳膊
aroun, prep.在...周围;环绕着
arriv, v.到达;抵达某地
ar, n.艺术;艺术品
artis, n.画家;艺术家
a, prep.作为
as i, conj.好像，似乎
as soon a, conj.一...就
as wel, adv.又，同样地
as, v. 问
aslee, adj.睡着的;熟睡的
assistan, n.助手;助理
a, prep. 在
at al, phr.（用否定句）一点也不
at hom, phr. 在家
at las, phr.终于，最后
at leas, phr.至少，起码
at midnigh, phr.在半夜
at onc, phr.立刻;马上
at schoo, phr. 在学校
at se, phr.在大海上
at the beginning o, phr.…起初，开始
at the end o, phr.在...结尾;到...尽头
at the head o, phr.在...的最前
at the momen, phr.此刻
at time, phr.有时;偶尔
at wor, phr. 在工作
attac, n & v 攻击，袭击
attrac, v.吸引
audienc, n.听众
aun, n. 姨母;舅母;姑母;伯母;婶母
autum, n.秋天;秋季
awak, adj.清醒的
awa, adv.离开
bab, n.婴儿;幼畜
bac, n.背部;后面
ba, adj.坏的
badl, adv.严重地，恶劣地
ba, n. 书包
bake, n.面包师
bal, n. 球
bambo, n.竹子
banan, n. 香蕉
ban, v. 猛敲;猛撞;砰砰作响
ban, n.(海;河;湖的)岸;堤
bar, n.谷仓，堆物房；马房，牛舍
bas, v.以…作根据，基于
base o, phr.以…（为）根据
basebal, n.棒球
baske, n. 篮子
basketbal, n.蓝球
b, v.(a,i,are)是;成为
be afraid o, phr.害怕
be awak, phr.醒着的
be busy doin, phr.忙于做…
be excited abou, phr.对…感到兴奋
be famous fo, phr.因...而有名的
be filled wit, phr.用…充满
be full (of); (phr. 充满....的
be late fo, phr.迟到
be made i, phr.在…生产或制造
be made o, phr.由…组成，由…构成
be pleased wit, phr.对…感到满意
be proud o, phr.以……自豪（兴奋）
be used fo, phr.用于
be/get los, phr.迷失(道路)
beac, n.海（河、湖）滩
bea, n.熊
bea, v.打败，敲打
beautifu, adj.美丽的;漂亮的
becaus, conj.因为
becom, v.变得;变成;成为
be, n. 床
bedroo, n. 卧室
bee, n.牛肉
beepe, n.袖珍无线电传呼机;电话呼叫机
bee, n.啤酒
befor, prep&adv.在..之前;以前
before lon, phr.不久以后
be, v.恳求，乞求
beg one's pardo, phr.请原谅，对不起
begi, v.开始;着手
beginnin, n.开始，开端
behin, prep. 在...后面
believ, v.相信;认为
belo, prep.在...下;低于
besid, prep. 在...旁边
bes, adj&adv.最好的(地)
bette, adj.(good或well的比较级)更好的
betwee, prep. 在(两者)之间
bi, adj. 大的
bik, n. 自行车
bil, n.帐单;清单;纸币
billio, n. 十亿
biolog, n. 生物(学)
bir, n. 鸟
birthda, n.生日
bi, n.一点儿;小片
blac, adj. 黑色的
blackboar, n. 黑板
blea, v&n.羊叫(声)
blin, adj. 瞎的;盲的
blous, n. 女衬衫
blo, v.吹
blu, adj & n. 蓝色(的)
boa, v.划船
boatin, n.划船
bod, n.身体
boo, v.预定（戏票、车票等）
bookmar, n.书签
booksho, n.书店
boo, n. 长统鞋
borin, adj.令人厌烦的
borro, v.借
bot, adj. & pron.两个(人....)都
both…and…; phr....和...都
bottl, n. 瓶
bow, n.碗
bo, n. 盒子;箱子
bo, n. 男孩
brea, n.面包
brea, v.折断;断裂;破碎
breakfas, n. 早餐
breath, v.呼吸
bridg, n. 桥牌
brigh, adj. 明亮的;晴朗的
brightl, adv. 明亮地;闪亮地
brin, v.带来;拿来
brochur, n.小册子
brok, v.折断;打破
broke, adj.弄坏了的
broo, n. 扫帚
brothe, n. 兄;弟
brow, adj & n. 棕色(的);褐色(的)
brus, n.刷子，毛笔，画笔
buil, v.建立，建造，建设
buildin, n.建筑物
bu, n. 公共汽车
busines, n.商业；生意；事务
businessma, n.商人
bus, adj.忙的;繁忙的
bu, prep.除了
butte, n.黄油
butto, n.按钮，纽扣
bu, v.买
b, prep.乘车(船等)
by the tim, phr.到…的时候
by, int. 再见
cabbag, n.卷心菜;洋白菜
caf, n.小餐馆;咖啡厅
cag, n.笼(子);鸟笼
cak, n. 蛋糕;饼;糕
cal, v&n.称呼;叫喊;打电话给 电话;通话
camer, n.照相机
ca, v.aux. 能;可以;会
can', v.aux. can not 的缩写形式
cance, n.癌症
candl, n.蜡烛
cano, v.乘独木舟
ca, n. 便帽;军帽
capita, n.首都
captai, n.（足球队等）队长
ca, n. 汽车;小汽车
car, n.纸牌;卡片
car, n.小心;照料;保护
carefu, adj. 小心的;仔细的
carefull, adv. 小心地;仔细地
careles, adj.粗心的;大意的
carro, n.胡萝卜
carr, v. 携带;搬运;运送
carry o, phr.坚持下去，继续下去
ca, n. 猫
catc, v.捉;抓住
caus, v. 引起
celebrat, v.庆祝
cen, n.(货币)分
centr, n.中心
centur, n.世纪;百年
certainl, adv. 当然
chai, n. 椅子
challeng, n.挑战
chanc, n.机会
chang, v.变化;变更;改变
channe, n.海峡；航道；频道；波段
char, n.图表
chea, adj.便宜的
chec, v. 检查;核对
check-ou, n.（购货时的）结帐台，收银台
chees, n.乳酪
chemistr, n. 化学
ches, n.国际象棋
chicke, n.鸡;鸡肉
chil, n. 小孩
childre, n. child的复数形式
chimne, n.烟囱，烟筒
chip, n.(口语)炸士豆儿条
chocolat, n.巧克力;巧克力糖
choos, v. 选择;挑选
chopstick, n.(常用复数)筷子
churc, n.教堂;教会
cinem, n.电影院;电影
circl, v.环绕，绕行&n.圆，圈子
cit, n.城市
clas, n. 同一个班的学生
classmat, n. 同班同学
classroo, n. 教室
clea, adj.干净的;清洁的
clean u, phr.清除，收拾干净
cleane, n.清洁工
clea, adj.清晰的;清楚的;明亮的
clearl, adv.清楚地
cleve, adj.聪明的;机灵的
clic, n & v 咔哒声;发出咔哒声
clim, v.爬;攀登
cloc, n. 钟
clos, v.关;闭
close, adj.关着的
clothe, n. 衣服
clou, n.云
cloud, adj.多云的;阴天的
clu, n.俱乐部，社团
coa, n. 外套;上衣
cod, n.密码;符号
coffe, n.咖啡
coi, n.硬币
cok, n.(口语)可口可乐
collec, v.收集；搜集
colleg, n.学院;高等专科学校
colou, n.颜色；v. 给...着色
colourfu, adj.颜色艳丽的
com, v. 来
come dow, phr.下来，落
come i, phr. 进来;进入
come o, phr. 来吧;跟着来;赶快
come ou, phr.(花)开;发(芽);出来
come to onesel, phr.苏醒;恢复知觉
come tru, phr.实现
come up wit, phr.找到；提出（答案，办法）
comfortabl, adj.舒适的；舒服的
compan, n.公司
competitio, n.比赛；竞争
complai, v.抱怨;发牢骚
compositio, n.作文;作品
compute, n. 电脑;电子计算机
conducto, n. (汽车;电车上的)售票员;列车员
confidenc, n.信心，自信
confiden, adj.有自信的，确信的
congratulatio, n. (常用复数)祝贺;庆贺
connec, v.连接，相连，联系
contributio, n.贡献
conversatio, n.会话，谈话
coo, v&n.烹调;煮;烧;炊事员;厨师
cooki, n. 小甜饼
coo, adj.（俚语）了不起
cop, v.抄写
cora, n.珊瑚
cor, n.(美)玉米;谷类庄稼
corne, n.角落;(街道)拐角
correc, adj.改正
cos, v.价钱为，花费（金钱、时间等）
cotto, n.棉花
coug, v.&n.咳嗽
coul, v.aux. (口语;表示许可或请求)可以;行
coun, v. 数;点数
countr, n.乡村;郊外
countrysid, n.乡下，农村
cousi, n.堂(表)兄弟;堂(表)姐妹
cove, v.覆盖
co, n.母牛;乳牛
cras, v.坠落，冲撞
crea, n.奶油;乳脂
credi, n.信用
credit car, n.信用卡
cro, n.庄稼;收成
cros, v.越过；穿过
crossin, n.十字路口;交叉点
cro, v.拥挤
cr, v.哭;叫喊
cu, n. 杯子
cupboar, n.碗橱;小橱(柜)
cu, v.割;砍;切
cut dow, phr.砍倒
da, n. (口语)爸爸;爹爹
danc, v. 跳舞
dange, n.危险
dangerou, adj.危险的
dar, adj. 深(浓)色的;黑暗的
dat, n.日期
daughte, n. 女儿
da, n.日;一天
daytim, n.白天
dea, adj.死的
dea, adj. 聋的
dea, n.（口语）协议，交易
dea, adj.亲爱的;可爱的
deat, n.死;死亡
decid, v. 决定;决心
decisio, n.决定
decorat, v.装饰，修饰
dee, adj.深的
dee, n.(pl.deer)鹿
deliciou, adj.美味的;可口的
describ, v.描写；叙述
descriptio, n.描述，描写
deser, n.沙漠
deserv, v.应得，值得…
des, n. 书桌
detectiv, n.侦探
develo, v. 发展;研制;开发
diagra, n.图表
dictionar, n.字典;词典
di, v.死亡
differenc, n.不同;差异
differen, adj.不同的
difficul, adj.困难的;难的
di, v.挖，掘
digita, adj.数字似的
di, adj. 微暗的;昏暗的
dinne, n.正餐;晚餐
dinosau, n.恐龙
directl, adv.直接地
dirt, adj.脏的
disappea, v.消失
disappearanc, n.消失
discove, v.发现，发觉
discus, v.讨论;议论
discussio, n.讨论
diseas, n. 疾病
dis, n.一道菜;盘;碟
displa, n.陈列
distur, v.妨碍;打扰
div, v.潜入(水中);跳水
dive, n.潜入水中的人;潜水员
d, v. 做;干;行动
docto, n. 医生
documen, n.公文，文件
do, n. 狗
dol, n. 玩具娃娃
dolla, n.元(美;加拿大等国的货币单位)
dolphi, n.海豚
don', do not 的缩写形式
doo, n. 门
doorbel, n.门铃
doubl, adj & v 双重的，双倍的
dow, adv. 向下
downloa, v.下载
downstair, adj & adv. (在)楼下;(往)楼下
dra, v. 画;绘制
drea, n.&v.梦;梦想; 做梦;向往
dres, n. 女服;(统称)衣服
drin, n.&v.饮料;喝
drive, n.司机;驾驶员
dro, n.滴，水滴
drop of, phr.放下（某物），下车
drough, n.旱灾，干旱
dr, v.把…弄干，晒干
duc, n.鸭
dumplin, n.饺子
durin, prep.在...的期间
dustbi, n.垃圾箱
dut, n. 职责;责任
e-mai, n. 电子邮件
eac, pron.各自;各个
ea, n. 耳朵
earlie, adj&adv.(early的比较级)更早的(地)
earl, adj&adv.早的(地)初期
eart, n.陆地，大地，地球
earthquak, n.地震
eas, n&adj.东方(的);东部(的)
eas, adj.容易的
ea, v.吃
eat u, phr.吃完;吃光
edg, n.边，边缘
educatio, n.教育，培养
eg, n. 蛋
eigh, num. 八
eighteent, num. 第十八
eight, num.第八
eithe, adv.(用于否定句中)也(不)
either...or...; conj.或者...或者...
electroni, adj.电子的
elephan, n.象
eleve, num. 十一
els, adv & adj. 别(的);其他(的)
empt, adj. 空的
encourag, v.鼓励
en, n.&v.末端;终点;结束
enginee, n.工程师
enjoy onesel, phr.过得快乐;玩得痛快
enjoyabl, adj.愉快的；有趣的
enoug, adj.足够的;充分的
ente, v.进入
entranc, n.入口，进口，入场
environmen, n.环境
erase, n. 橡皮擦
escap, n.逃亡，逃走，逃避
especiall, adv.特别；尤其
essentia, adj.本质的，主要的，必需的
ev, n.（节日或重大事件发生的）前夕
eve, adv.甚至;更
even thoug, conj.即使…
evenin, n.傍晚;晚上
even, n.大事；事件
eve, adv. 曾经
ever sinc, phr.从那时起；此后一直
ever, adj.每一的;每个的
everybod, pron.每人;人人
everyon, pron. 每人;人人
exactl, adv.准确地，严格地
exa, n. (口语)考试
exampl, n.例子;榜样
excellen, adj.极好的，优秀的
excep, prep.除…之外
excite, adj.兴奋的，激动的
excitin, adj.令人兴奋的
excus, n.借口，托词
exercis, n.锻炼;做操;练习
exi, n.出口
expec, v.期望，预期
expensiv, adj.昂贵的
experienc, n.经验，体验
exper, n.专家，内行
explor, v.探测，探险
explore, n.探测者，探险者
ey, n. 眼睛
fac, n. 脸;面孔
fac, n.事实;实际
factor, n.工厂
fai, v.失败；不及格
fal, v.落下;跌倒
fall aslee, phr.睡觉;入睡
fall dow, phr.倒下;跌倒;从...落下
fall of, phr.(从...)掉下
famil, n. 家;家庭
family tre, n. 家谱
fa, n.(口语，电影;运动等的)迷
fa, adj&adv.远的(地)
far awa, phr.很远，遥远
far, n.农场
farme, n.农民
farmin, n.农业;务农
farmlan, n.农田
farthe, adj.&adv.(far的比较级)较远;更远
farthes, adj.&adv.(far的最高级)最远
fas, adj&adv.快的(地);迅速的(地)
fa, adj.肥胖的
fathe, n. 父亲
favourit, adj. 特别喜爱的
fa, n. 传真
feathe, n.羽毛
fee, v.喂;饲养
fee, v.觉得;感到
festiva, n&adj.节日(的);喜庆(的)
fe, adj.少数的;不多的
fiel, n.地;田地
fiftee, num. 十五
fift, num&adj.第五(的)
fift, num. 五十
fil, v.装满，填充
fil, n.影片;电影
fina, adj.最后的
fin, v. 找到;发现
find ou, phr.找出;查出
fin, adj. (身体)好的
finge, n.手指
finis, v.完成;结束
fireplac, n.壁炉
firs, num & adv.第一;首先;最初
first of al, phr.首先;第一
fis, v.钓鱼
fishin, n.钓鱼
fi, adj. & v.健康的；适合的；（使）适合
fiv, num. 五
fi, v.修理;安装
fligh, n.航班，飞行
floo, n.洪水，水灾&v.淹没，泛滥
floo, n. (室内)地;地板
flowe, n. 花
fl, v.放(风筝;飞机模型等)
fo, n.雾
fogg, adj.有雾;多雾的
follo, v.跟随
foo, n.食物
foo, n. 脚(pl.feet)
footbal, n. 足球
fo, prep. 为;给
foreig, adj.外国的
foreigne, n.外国人
fores, n.森林
foreve, adv.永远，总是
forgo, v. (forget 的过去时)忘记
for, n.叉;餐叉
for, n.表格
fossi, n.化石
foun, v.成立，建立
fou, num. 四
fourtee, num. 十四
fo, n.狐狸
fragil, adj.易碎的
fre, adj.自由的;空闲的
freez, v.结冰，凝结
fridg, n.电冰箱
frien, n. 朋友
friendl, adj.友好的
friendshi, n.友谊;友情
frighte, v.惊恐，吓唬
frightene, adj.受惊的，害怕的
fro, prep.从;从....起
from now o, phr.从现在起，今后
fron, adj&n.前面(的);前部
frui, n.水果
frustrat, v.使沮丧，使失败
frustrate, adj.感到灰心丧气的
ful, adj. 满的
fu, n.有趣
funn, adj. 滑稽的;有趣的
futur, n. 将来;未来
gam, n. 游戏;运动
garde, n.花(果;菜)园
gat, n.大门
gatekeepe, n.看门人;门卫
generosit, n.慷慨，豁达
geograph, n.地理(学)
ge, v. 得到;获得
get bac, phr.回来;取回
get marrie, phr.结婚
get of, phr.下来;从...下来
get o, phr.上(车)
get u, phr. 起床
get-togethe, n.聚会
get…bac, phr.退还；送回去；取回
gir, n. 女孩
giv, v. 给
give birth t, phr.生（孩子）
give u, phr.放弃
gla, adj. 高兴的;乐意的
glas, n.玻璃杯
glov, n. 手套
g, n.尝试(做某事)
go bac, phr.回去
go hom, phr. 回家
go o, phr.继续
go ove, phr.过一遍，仔细检查
go wron, phr.走错路
goa, n.（足球）球门，得分
goe, v. go的单数第三人称现在时
gol, n. 高尔夫球
goo, adj. 好的
goodby, int. 再见;再会
goodnes, n.善良;美德
gra, v.抓取…，夺取
grad, n. 年级
graduat, v.毕业
gran, adj.豪华的，庄重的，雄伟的
grandfathe, n. (外)祖父
grandm, n. (口语)奶奶;外婆
grandmothe, n. (外)祖母
grandp, n. (口语)爷爷;外公
grap, n.葡萄
gras, n.草;草地
gratefu, adj.感激的，感谢的
grea, adj.伟大的;很大的;重要的
gree, adj & n. 绿色(的)
gree, v.问候，向（人）打招呼
gre, adj & n. 灰色(的);灰白(的)
groun, n. 地面;土地
grou, n.组，群，团队
gro, v.种植;生长
gues, v. 猜
guid, n.向导，导游者&v.指导，引导
hai, n. 头发
hal, n. 半;一半
half-wa, adv.在途中;半路上
hal, n.大厅，会堂，会馆
hamburge, n.汉堡包
han, n. 手
hand i, phr.交上来
hands u, phr.举手
han, v.吊着，悬挂
happe, v.(偶然)发生;碰巧
happil, adv.高兴地;快乐地
happ, adj.快乐的;幸福的
har, adj.硬的
hard-workin, adj.辛勤工作的;用功的
hardl, adv.几乎不
har, v.损害；伤害
harves, n.收获
ha, v. (动词have的单数第三人称)有
ha, n. 帽子(一般指有边的帽子)
hav, v. 有
have a col, phr.(患)感冒
have a coug, phr.(患)咳嗽
have a good tim, phr.过得愉快
have a headach, phr.(患)头痛
have a loo, phr. 看一看
have a sea, phr. 坐下;就坐
have a tr, phr.尝试；努力；射击
have suppe, phr. 吃晚餐
h, pron. 他
hea, n. 头;头部
headach, n.头痛
headmaste, n.（英)中小学校长
hea, v.使（伤、病）痊愈
healt, n.健康;卫生
healthil, adv.健康地
hea, v.听见;听说
hear o, phr.听说
hear, n.心(脏)
heavil, adv.大量地;猛烈地;厉害地
heav, adj. 重的
heigh, n.高度
hell, int. 喂(问候或唤起注意)
hel, v. 帮助
help yourself t, phr.自取;随便吃
helpfu, adj.有帮助的;有益的
he, pron. 她的
her, adv. 这里;这儿
here and ther, phr.到处;处处
her, pron. 她的
hersel, pron.她自己
he, int.嘿;喂(唤起注意.表示惊讶或询问)
h, int. 喂(问候或唤起注意)
hid, v. 躲藏
hig, adj.&adv.高的(地)
hik, n&v.远足;徒步旅行
hikin, n.徒步旅行
hil, n. 小山
hi, pron.他(宾格)
himsel, pron.他自己
hi, pron. 他的
histor, n.历史(学)
hi, v.打;击中;撞
hobb, n.业余爱好
hol, v.拿;握
hold o, phr. (打电话时)等一等;不挂断
hol, n.洞;孔;坑
holida, n.假日;假期
hom, n. 家
hometow, n.故乡;家乡
homewor, n.家庭作业
hop, v.希望
hors, n.马
hospita, n.医院
ho, adj.热的;辣的
hote, n.旅馆;饭馆
hou, n. 小时
hour after hou, phr.一小时又一小时，连续地
hous, n. 房子
housewor, n.家务劳动
ho, adv. (指程度)多少;怎样
how man, phr. 多少
howeve, conj.然而，可是
hu, n.拥抱，紧抱
hug, adj.巨大的
huma, n. & adj.人(的);人类(的)
human bein, n.人
hundre, num. 百
hungr, adj.饥饿的
hurr, v.赶快;慌忙
hur, v.使受伤;痛
husban, n. 丈夫
ic, n.冰
iceber, n.冰山
ico, n.图象符号，图标
ide, n.主意;想法;意见
i, conj.是否
il, adj.病的
imagin, v.设想;想像
importan, adj.重要的;重大的
impossibl, adj.不可能的
improv, v. 提高;改善
i, prep. 在...里(内;上)
in a hurr, phr.匆忙地
in fac, phr.实际上
in fron, phr.前方;正对面
in this wa, phr.用这种方法
in tim, phr.及时
increas, v.增加，增长
informatio, n.信息;情报
injectio, n.注射，打针
insid, prep.在...里面
inspecto, n.警官，监督员
instea, adv.代替;顶替
instead o, phr.代替
instructio, n.说明，须知
interes, n.兴趣
intereste, adj. 感兴趣的
interestin, adj.有趣的;有意思的
int, [&prep.到...里;向内
inventio, n.发明，创造
invento, n.发明者，创造者
invit, v.邀请;招待
i, v. 是
islan, n.岛;岛状物
isn', is not 的缩写形式
i, pron. 它
jacke, n.夹克衫
jee, n. 吉普车
jo, n.工作
joi, v.加入；参加
jok, n. 笑话;玩笑
journe, n.旅程；旅行；路程
juic, n. (水果;蔬菜;肉等的)汁;水汁
jum, v.跳
jumpe, n.跳跃者
jus, adv.仅仅;只有
just the, phr.正在那时
kee, v.饲养，照顾
ke, n.钥匙
keyboar, n. 键盘
ki, n.（口语）小伙子
kil, v.杀死;弄死
kil, n.千克;公斤
kilometr, n.公里;千米
kin, adj.和蔼的;友好的
kind-hearte, adj.好心的
kinds o, phr.各种各样的
kitche, n.厨房
kit, n. 风筝
kne, n.膝盖
knif, n.(pl.knives)小刀
knoc, v. 敲;击
kno, v. 知道;懂得
knowledg, n.知识；学问
la, n.实验室
ladies' roo, n.(妇女)公共厕所
lad, n.女士;夫人
lak, n.湖
lan, v.登陆;上岸;降落
languag, n.语言
la, n. (竞赛场的)一圈
larg, adj. 大的;(数量)多的
large numbers o, phr.许多
las, v.持续;耐久
lat, adj & adv. 迟的(地);晚的(地)
late, adv.以后;后来
later o, phr.后来;稍后
laug, v. (大)笑;发笑
laugh a, phr.嘲笑
la, v.下蛋;产蛋
laz, adj.懒惰的
lea, n.叶子，树木、草的叶子
lear, v.学;学习
leas, n.最少，最小
leathe, n.皮革
leav, v.离去;出发
lef, n&adj.左(的);左边(的)
le, n. 腿
len, v.把…借给，借给
les, adj. & adv.较少的;较小的
less tha, phr.不到;少于
lesso, n.课;功课
le, v. 让
let', phr. let us 的缩写形式
lette, n.信
libraria, n.图书管理员
librar, n.图书馆
licenc, n. 执照;许可证
li, v. 躺;平躺
lif, n.生命;生活
lifeboa, n.救生船(艇)
lifetim, n.一生，终生
lif, v.消散; (雨)停止
ligh, adj. 淡(浅)色的;轻的
lik, v. 喜欢
lin, n. 线;绳索
lio, n.狮子
lis, n.清单;一览表;名单;目录
liste, v. 听
listen t, phr. 听
litte, n & v 垃圾，废物；乱丢杂物
littl, adj & adv. 小的;一点儿;稍许
liv, v.居住
live o, phr.继续存在，继续活着
livel, adj.热闹的；有生气的
loc, n.锁&v.上锁
lonel, adj.孤独的，寂寞的
lon, adj. 长的
loo, n. 瞧;看
look afte, phr. 照顾;照看
look a, phr. 看;观看
look lik, phr. 看起来像
look ou, phr.留神;注意
look ove, phr.(仔细)检查
look the sam, phr. 看起来很像
los, v. 丢失;失去;迷失(方向)
los, adj.迷途的;丢失的
lo, n.许多
lots o, phr.许许多多的
lou, adj. 大声的;响亮的
loudl, adv. 大声地;高声地
loudspeake, n. 扬声器;扩音器
lov, v. 爱;喜爱
lo, adj.低的;浅的;矮的
luckil, adv. 好运地;幸运地
luck, adj. 幸运的;侥幸的
lunc, n. 午餐
machin, n.机器
mada, n.女士;夫人;小姐
magazin, n.杂志
magica, adj.魔法(似)的
mai, n.邮政;邮递
mai, adj.主要的
mainlan, n.大陆；本土
mak, v.使...(发生)
make a decisio, phr.作出决定
make a mistak, phr.犯错误
make a nois, phr.吵闹
make face, phr.做鬼脸;做苦脸
make one's way t, phr.往..走去
make room fo, phr.给..腾出地方
make sur, phr.确保;确认;查明
make up one's min, phr.下决心
ma, n. 男人;人
man-mad, adj.人造的，人工的
manage, n.经理;负责人
man, adj. 许多的;多的
ma, n. 地图
mar, n.记号；标记；痕迹
marke, n.市场;集市
marr, v.结婚
matc, n.比赛;竞赛
mat, n.(美式拼法)数学
math, n.(英式拼法)数学
matte, v.(否定句;疑问句)要紧;有关系
ma, v.aux可以;可能;也许
mayb, adv.也许;大概
m, pron. 我
mea, n.一餐;一顿饭
mea, v.表示...的意思;意味着
meanin, n.意思;意义;含义
mea, n.肉
medicin, n.内服药;医学
mee, v. 见面;会面;遇见
meetin, n.会;会议
melo, n.瓜
membe, n.成员
me, n. man的缩写形式
men, v.修补;修理
mentio, v.提到;说起
men, n.(餐厅等的)菜单
merr, adj.愉快的；欢乐的
messag, n.消息;信息
meta, n.金属
metr, n.公尺;米
microcompute, n. 微型计算机
middl, adj. 中间的;中级的
middle schoo, n. 中学
midfiel, n.中场
midfield playe, n.中场球员
midnigh, n. 午夜
mil, n.牛奶
millio, n. 百万;百万元
min, n.&v.思想，想法；关心，介意
min, pron. 我的
minibu, n.小型公共汽车
minu, prep. 减;减去
minut, n. 分钟;一会儿
mis, v.错过
missin, adj.丢失的;失踪的
mis, n.雾
mistak, n.错误
mist, adj.有雾的，雾大的
mobil, adj.可移动的
mobile phon, n.可移动电话
mode, n.模型;模范 ;样式
mode, n.调制解调器
momen, n.片刻;瞬间
mone, n. 钱;货币
monito, n.显示器
monke, n.猴子
mont, n.月
moo, n.月亮
mooncak, n.月饼
moonligh, n & adj. 月光(的)
mor, adv.更;更加
more and mor, phr.越来越…
more or les, phr.多少有点，或多或少
mornin, n. 早晨;上午
mos, adj&adv.(many或much的最高级)最多的
mostl, adv.主要地，大部分
mothe, n. 母亲
motorbik, n. 摩托车或有发动机的自行车
moun, n.…山；…峰
mountai, n.山;高山
mous, n. 鼠;耗子;鼠标
mout, n. 嘴
mouth-to-mout, adj. (人工呼吸)口对口的
movin, adj.活动的；移动的；动人的
muc, adv. 多;很;非常
multipl, v.（将…）乘…
multiply…by…; phr.…乘以…
mu, n. (口语)妈妈
mumm, n.(口语)妈妈
museu, n.博物馆
musi, n.音乐;乐曲
mus, v.aux. 必须;应当
m, pron. 我的
mysel, pron.我自己
nam, n. 名字
natura, adj.自然界的，天然的
nea, prep. 在...附近
nearb, adv.附近
nearl, adv.将近;几乎
neatl, adv.整洁地
necessar, adj.必需的;必要的
nec, n. 颈;脖子
necklac, n.项链
nee, v.需要;必需
neighbou, n. 邻居
neighbourhoo, n.四邻；街坊；邻近
neithe, adj. & pron.(两者)都不
neither...nor..; conj.既不...也不...
nervou, adj.紧张不安的
neve, adv.从来;决不
never min, phr.没关系
ne, adj. 新的
new, n.新闻;消息
nex, adj. 下一个
next t, phr.相邻;靠近
nic, adj. 好的;漂亮的
nin, num. 九
nint, num&adj.第九(的)
n, adv. & adj. 不;不是
no longe, phr.不再
no matte, phr.不论
nobod, pron.没有人
nois, n.嘈杂声;响声
nois, adj.喧闹的;嘈杂的
non, pron.一个人也没有；没有任何东西
noodl, n.面条
noo, n. 中午;正午
no, conj.也不
nort, n.&v.北方(的);北部(的)
northeas, n.东北;东北部
norther, adj.北部的，北方的
northwes, n.西北;西北部
nos, n. 鼻子
no, adv. 不
not only…but als, phr.不但……而且
nothin, pron.没有什么;没有东西
notic, v.注意，通知
nove, n. (长篇)小说
no, adv. 现在
numbe, n. 数字;号码
nurs, n.护士
nu, n.坚果;坚果核
o'cloc, n. …点钟
objec, n.物体
ocea, n.海洋，大洋
o, prep. ...的
offe, v & n 拿出；提供
offic, n.办公室
ofte, adv.常常
oi, n.油
ol, adj. ...岁的;老的
o, prep.关于
on displa, phr.陈列，展览
on dut, phr. 值日
on eart, phr.在地球上
on one's way t, phr.在..的途中
on sho, phr.展出
on watc, phr.值班;守望
onc, adv.一次
once upon a tim, phr.从前，很早以前
on, pron. 用来代替单数的人或物
one-wa, adj.单程的，单行的
onio, n.洋葱
onlin, adj.&adv.在线，上网
onl, adv. 仅仅;只
ont, prep.在…上面；到…上面
ope, adj.开着的
open u, phr.开设，开业，开放
oper, n.歌剧
opposit, adj.对面的;相反的
o, conj. 或者;还是
orang, adj & n. 橙色(的)
orde, n. & v.订购;点菜;订购单;定购;一份菜
ordinar, adj.普通的，通常的
othe, adj.别的;其他的
ouc, int.啊呀
ou, pron. 我们的
our, pron. 我们的
ourselve, pron.我们自己
ou, adv.在外
out o, prep.从..向外;从..往外
outdoo, adj.户外的，野外的
outsid, prep&adv.在...外
ove, adv.结束;完了
over ther, phr. 在那边
ow, v.拥有，所有
owne, n.拥有者，所有者
p.m.; n. 下午;午后
pag, n.(书的)页
pai, n.疼痛;疼
painfu, adj.疼痛的，痛苦的
painte, n. 画家
pai, n. 一对;一双
palac, n.宫;宫殿
pa, n.平底锅
pand, n.熊猫
pardo, v. 原谅(某人);宽恕
paren, n. 父(母)亲
parent, n. 父母亲;双亲
par, v.（将车）停放
parkin, n.停车（处）
parro, n. 鹦鹉
par, n.部分
part-tim, adj.&n.非全日工作的；业余时间
part, n.聚会
pas, v.传递
passenge, n.乘客;旅客
pas, n.&adj.过去(的)
pat, n.路线，去路
patien, n.病人
paus, v.中止&n.暂停
pa, v.付钱；支付
pay fo, phr.付钱；支付
pe, n.豌豆
pea, n. 梨
pe, n. 钢笔
penci, n. 铅笔
pencil-bo, n. 铅笔盒
pengui, n.企鹅
peopl, n. 人;人们
peppe, n.胡椒
performanc, n.演出，成果，成绩
perhap, adv.也许;可能
perso, n. 人
persona, adj. 私人的;个人的
pe, n.宠爱的动物
phon, n. 电话;电话机
phot, n. 照片
physic, n.物理(学)
pian, n.钢琴
pic, v.采摘(花;果实)
pick…u, phr.拾起；捡起
picni, n.野餐
pictur, n. 图画;照片
pi, n.(用肉或水果做成的)馅饼
piec, n.一张(片;张)
pi, n.猪
pil, n.药丸;药片
ping-pon, n. 乒乓球
pin, adj.粉红色的;桃红色的
pionee, n. 先锋
pit, n.遗憾的事，可惜的事
pizz, n.(意大利)烤馅饼
plac, n.地点;地方
plan, n.飞机
plan, n.&v.植物; 种植
plasti, n.&adj.塑料(的)
plat, n.盘子;碟子
pla, n.剧;戏剧
playe, n.比赛者;选手
playgroun, n.(学校的)操场
playhous, n. 儿童游戏房
pleasan, adj.愉快的;快乐的
pleas, int. 请
please, adj. 高兴的;愉快的
pleasur, n.愉快;高兴
plu, prep. 加;加上
pocke, n.衣袋
poin, v.指，指向…
point a, phr.指示，指向
point t, phr.指向…
polic, n.警察(局)
policema, n. 警察
politel, adv. 有礼貌地
pollut, v.污染，弄脏
poo, n.水池，水坑
poo, adj. 贫穷的;可怜的
popula, adj.大众的;流行的
populatio, n.人口，人数
por, n.猪肉
porridg, n.粥;稀饭
possibl, adj.可能的
pos, n.邮政;邮寄;邮件
posta, adj.邮政的
postcar, n.明信片
postma, n.邮递员
potat, n.马铃薯;土豆
poun, n.镑(重量单位)
pou, v.倒；灌；倾泻
practic, n.&v.练习，实践
practis, v.实践；练习
prefe, v.宁愿（选择），更喜欢
prefer t, phr.宁愿（选择），更喜欢
presen, n.礼物
pres, v.按，压
prett, adj.漂亮的;美丽的
preven, v.防止，阻止
pric, n.价格;价钱
prid, n.自豪；骄傲
prin, v.打印
printe, n.打印机
priz, n.奖品；奖赏
probabl, adv.很可能；大概
proble, n.问题;难题
produc, v.产生；生产；制造
progra, n. 程序;项目;节目
progres, v.进步，提高，前进
protec, v.保护
prou, adj.自豪的；骄傲的
provid, v.提供
provinc, n.省
publi, adj.公共的；公众的
pul, v.拉;拖;拔
pumpki, n.南瓜
pupi, n.小学生，学生
purpl, adj & n. 紫色(的)
purs, n. 钱包
pus, v.推;挤
pu, v. 放
put (sth) dow, phr.把某物放下来
put of, phr.推迟，拖延
put o, phr. (戏剧等)上演;放(唱片等)
put u, phr.挂起，举起
quarre, v.争吵
quarrel wit, phr.(和某人)吵架
quarte, n. 一刻钟;四分之一
questio, n.问题
queu, n.(按次序等待的人;车等的)队;行列
queue jumpe, n.不按次序排队的人
quic, adj.快的;迅速的
quickl, adv.快地;迅速地
quie, adj.安静的;平静的
quietl, adv.安静地;平静地
quit, adv.很;十分
rabbi, n.兔子
rac, n. 赛跑
racke, n. (网球;羽毛球等的)球拍
radi, n.收音机
rai, n.轨道；铁路
railwa, n.（英）铁路
raincoa, n. 雨衣
rain, adj.多雨的;下雨的
rathe, adv. 相当
rather tha, phr.宁可，是…而不是
reac, v.到达;抵达;达到
rea, n.读;阅读
reading roo, n.阅览室
read, adj.准备好的;乐意的
rea, adj.真正的，真实的
realiz, v.察觉，领悟，了解
reall, adv.确实;真正地
receiv, v.接受，收到，得到
recycl, v.再循环；回收再用
re, adj & n. 红色(的)
ree, n.岩礁
refus, v. 拒绝
regar, v.看待，当作
regard… a, phr.把…当作，当作
relativ, n.亲属，亲人
rela, v.放松;轻松
rela, n. 接力;赛跑
remembe, v.记起;想起
repai, v.修理;修补
repor, n.&v.报导;报告
res, n.休息
restauran, n.饭馆
resul, n. 结果
retur, v. 回来;归还
revie, v. 复习(功课等)
rewardin, adj.值得作的
ric, n.米饭;大米
ric, adj.有钱的;富裕的;丰富的
riddl, n.谜语
rid, v.骑(自行车;马等)
ridg, n.山脉
righ, n&adj.右(的);右边(的)
ri, n.边，缘
rin, v.(钟;铃等)响;摇铃
ring u, phr.打电话
rive, n. 江;河
roa, n.道路;公路
ro, v.抢劫
robbe, n.强盗，盗贼
robber, n.抢劫案，抢劫
robo, n.机器人
roc, v.震动，摇动
rocke, n.火箭
roller-skatin, n.滑旱冰
roo, n. 房间
roug, adj.粗鲁的，激烈的
roun, adj.球形的;圆的
round-tri, adj.(车票等)来回的;往返的
ro, n. (一)排;(一)行
ru, v.磨;擦
rubbis, n.垃圾；废物
rul, n.规则，规定
rule, n. 尺子
ru, v.跑
run awa, phr.流失;逃跑，逃走
runne, n. 赛跑的人
rus, v.冲；奔跑
rush ou, phr.冲出去
sa, adj.难过的;悲哀的
sadl, adv.难过地；悲哀地
saf, adj.安全的;平安的
safet, n.安全
salesgir, n.女售货员
sal, n.盐
sam, adj. 同样的;同一的
san, n.沙，沙子
sandwic, n.三明治;夹心面包片
satellit, n.卫星
sav, v.救;挽救;节省
sa, v. 说;讲
scener, n.风景；景色
schoo, n. 学校
schoolba, n. 书包
schoolbo, n.(中小学的)男学生
schoolyar, n.校园
scienc, n.(自然)科学
scissor, n. (复数)剪刀
scor, n & v （比赛）得分
scree, n.屏幕
scub, n.水肺（潜水者用的水下呼吸器）
se, n.海;海洋
seafoo, n.海鲜;海产食品
searc, v.搜查，搜索
seaso, n.季节
sea, n. 座位
secon, num&adj.第二(的)
secondhan, adj.二手的，用过的
secre, n. 秘密
se, v. 看见;看到
see, v.好像;似乎
self-respec, n.自尊，自重
sel, v.卖;售
selle, n. 卖者;售货员
sen, v.送，寄，派（遣）
send u, phr.发射，把…往上送
seriou, adj.严重的;严肃
serv, v.上（酒、菜等），开（饭）；服务
se, n.装置，设备
set of, phr.出发;动身;起初
set one's mind to d, phr.一心想做…
seve, num. 七
severa, adj. & pron.几个；若干
shal, v.(我;我们)将;会
shap, n.形状，外形
shar, n.鲨鱼
sharpene, n. 卷笔刀
sh, pron. 她
shee, n. 绵羊
shel, n.架子；搁板
shellfis, n.贝类;甲壳虫
shepher, n.牧羊人
shin, v. 照亮;发亮
shi, n.船;轮船
shir, n. (男式)衬衫
sho, n. 鞋
shoo, v.射击，射死
sho, n.商店
shoppin, n.买东西
shor, adj. 短的;矮的
sho, n.（球赛中）击，射门，投篮，发射
shoul, v.aux.(shall的过去式)将;会;应该
shou, v.呼喊;喊叫
sho, n&v.演出;展览 给...看;出示
showe, n.降雨;骤雨
shower, adj.降雨的;多阵雨的
shu, v.关（门等）
shut dow, phr.把…关上
sh, adj.害羞的，腼腆的
sic, adj.患病的
sid, n.边;面
sig, n.标记;符号;痕迹
silentl, adv. 寂静地;沉默地
sil, n.（蚕）丝
sinc, conj.由于，既然
sin, v.唱;唱歌
singl, adj.单个的，只有一个的
sin, v.下沉;沉没
si, n. (用于尊称)先生;阁下
siste, n. 姐;妹
si, v. 坐
sit dow, phr. 坐下
si, num. 六
siz, n. 尺寸;大小
skat, v.滑冰;溜冰
sk, v.滑雪
skir, n. 女裙
sk, n. 天空
slee, v.睡;睡觉
slippe, n.拖鞋，便鞋
slo, v.放慢；减速
slow dow, phr.减缓；减速
slowl, adv.缓慢地
smal, adj. 小的
smel, v.闻;嗅;散发(气味)
smil, n. & v.微笑
smo, n.烟雾
smok, v&n.吸烟;烟
snak, n.蛇
sno, n.&v.雪;下雪
snowma, n.雪人
snow, adj.多雪的;降雪的
s, pron.这样;如此
so fa, phr.到目前为止
so tha, conj.以便，以致
so-calle, adj.所谓的
socce, n.英式足球
societ, n.社会
soc, n.短袜
softwar, n. (电脑)软件
soi, n.土壤，土地
soldie, n.士兵;战士
solv, v.解决;解答
som, pron. 一些;若干
somebod, pron.某人;有人
someda, adv.（今后）有一天
someon, pron.某人;有人
somethin, pro.某事(物)某东西
sometim, adv.（未来的）某时
sometime, adv.有时
somewher, adv.某处;在某处
so, n. 儿子
soo, adv.不久;一会儿
sooner or late, phr.迟早
sorr, adj. 对不起;抱歉的
soun, v.听起来
sou, n.汤
sout, n.&v.南方(的);南部(的)
spac, n.空间，太空
spaceshi, n.宇宙飞船
spea, v. 讲;说
speak highly o, phr.称赞
speake, n. 演讲者;说话者
specia, adj.特别的，特殊的
spee, n. 迅速;速度
spel, v. 拼写
spen, v. 花(时间;钱);度过
spil, v.溢出，溅出，洒出
spiri, n.精神
spi, v.吐痰；吐唾沫
spoi, v.糟蹋
spoo, n.匙;调羹
spor, n.运动
sprin, n.春天
squar, n.平方，（方形的）广场
stam, n.邮票
stan, v.站;立
stand in lin, phr.站(在)队(里)
sta, n.星星;恒星
star, v.开始;着手
statio, n.车站;所;站
sta, v.停留(在某处)
stea, v.偷，窃取
stee, adj.陡峭的，险峻的
stee, n. & v.驾驶;掌舵
steering whee, n.驾驶盘
ste, n. & v.脚步；走；踏入；踩
stic, n. 棒;棍
stil, adv.仍旧;更
stockin, n.长统袜
sto, v.停止;中止
stop...fro, phr.阻止...做
stor, v.储藏，存储
stor, n.暴风雨
stor, n.（房屋的）层
straigh, adv.一直地
strang, adj.奇怪的;陌生的
stree, n.街道
strike, n.（足球）前锋
stron, adj.强壮的;坚强的
studen, n. 学生
stud, n.书房
subjec, n.题目;题材
succes, n.成就，成功
successfull, adv.圆满地，顺利地，成功地
suc, adj.这样的
suddenl, adv. 突然地
suga, n.糖
sui, n.一套衣服
summe, n.夏天;夏季
su, n.太阳
sunglasse, n.太阳镜
sunn, adj.晴朗的;阳光充足的
sunshin, n.日光;阳光
supermarke, n.超级市场
suppe, n. 晚餐
suppos, v.猜想
sur, adv & adj. 的确;一定; 确信的;肯定的
sur, v.冲浪
surfe, n.冲浪者
surfin, n.冲浪运动
surpris, n.惊奇;惊讶
sweate, n. 毛衣;厚运动衫
swee, v. 扫;扫地
swee, adj.甜的;可爱的
swi, v.游泳
tabl, n. 桌子
tai, n.尾巴，尾部
tak, v.花费(时间);消耗
take a sea, phr.坐下;就坐
take care o, phr.照顾;照料;注意
take exercis, phr.做运动
take one's plac, phr.坐某人的座位;代替某人的职位
take ou, phr.取出
take-awa, adj. & n.可拿走的(熟食)
take/leave a messag, phr.捎/留口信
tal, v.说话;谈话
tal, adj. 高的
tap, n. 磁带
tast, v.品尝;有...味道
tax, n.出租汽车
te, n.茶
teac, v.教;教书
teach onesel, phr.自学
teache, n. 教师
tea, n.队;组
teamwor, n.合作，协同工作
teapo, n.茶壶
tea, n.(常用复数)眼泪;泪珠
technolog, n. 技术;工艺学
telegrap, n.电报
telephon, v.打电话给(某人)
tel, v.说;告述;吩咐
temperatur, n.温度
te, num. 十
tenni, n.网球(运动)
ten, n.帐篷
ter, n. 学期
terribl, adj.可怕的;感到极不舒服的
terrifi, adj.（口语）很棒的，极好的
textboo, n.课本
tha, conj.比....;比较....
than, v. 谢谢
thankfu, adj.感激的;感谢的
thank, n. 谢谢(只用复数)
thanks t, phr.由于，幸亏
thanksgivin, n.感谢;感恩
tha, pron. 那;那个
th, art. 这(那)个;这(那)些
the Great Hall of the Peopl, n.人民大会堂
the Olympic Game, phr.奥林匹克运动会
the Palace Museu, n.故宫博物院
the Summer Palac, n.颐和园
the more the bette, phr.越多越好
the same a, phr.和...相同
thei, pron. 他们(她们;它们)的
their, pron.他们(她们;它们)的
the, pron. 他(她;它)们
themselve, pron.他们自己
the, adv.那么;然后
ther, int. 好啦(表示安慰)
there', there is 的缩写形式
thes, pron. 这些
the, pron. 他(她;它)们
thie, n.贼
thi, adj.瘦的;薄的
thin, n. 东西;事情
thin, v. 想;认为
think o, phr.想起
thir, num&adj.第三的
thirst, adj.口渴的
thirtee, num. 十三
thirt, num. 三十
thi, pron. 这;这个
thos, pron. 那些
thoug, conj.虽然…，尽管…
though, n. 思考;思想;想法
thousan, num.千
thre, num. 三
throug, prep. 通过;穿过;经过
thro, v.投;掷
throw abou, phr.乱丢;抛散
tic, n. (钟表等滴嗒的)声音
ticke, n.票;券
tid, adj.整洁的；整齐的
ti, v.捆;(系;栓)紧
tige, n.老虎
til, prep&pron.(直)到...为止
tim, n.次数
tire, adj.累;疲乏
t, prep. (表示方向)到;向 动词不定式符号
toda, adv & n. 今天
to, n.脚趾
tof, n.豆腐
togethe, adv.一起
toile, n.厕所
tomat, n.(pl.tomatoes)西红柿;蕃茄
tom, n.坟墓
tomorro, n&adv.明天;在明天
to, adv. 太
too...t, phr.太...而不能
too, n. 工具
toot, n.牙齿
to, n.顶部
touris, n.旅游者;观光者
toward, prep.向，朝
tow, n.城镇
to, n.玩具;玩物
trac, n.(火车等的)轨道，跑道
tracto, n.拖拉机
traditiona, adj.传统的，惯例的
traffi, n.交通
trai, v.训练，培养
trainin, n.训练，培养
tra, v.使…陷入困境，设陷阱捕捉
trave, v&n.旅行
travelle, n.旅行者
trea, v.治疗，对待
tre, n. 树
tri, n&v.旅游;旅行
troubl, n.麻烦;烦恼
trouser, n. 裤子
truc, n. 卡车
tru, adj.真的;真实的
trut, n.真理，真相，事实
tr, v.试(做);设法;努力
try o, phr.试穿（衣服;鞋），试戴（帽子）
try ou, phr.实验，尝试
turke, n.火鸡
tur, n.(依次轮流的)顺序
turn dow, phr.关小，调低
turn of, phr.关(电灯;收音机;煤气;自来水等)
turn o, phr.打开(电灯;收音机;煤气;自来水)
turn ove, phr.把...翻过来
turnin, n.拐弯处
twelft, num&adj.第十二(的)
twelv, num. 十二
twentiet, num.第十二
twenty-firs, num.第二十一
twic, adv.两次；两倍
twi, n. 双胞胎之一
tw, num. 二
two-stor, n.两层
typ, v.(用打字机或电脑)打字
uncl, n. 叔;伯;舅;姨父;姑父
unde, prep. 在...下面
undergroun, adj.地下的
underse, adj.海底的
univers, n.宇宙
universit, n. 综合性大学
unles, conj.除非；如果不
unlik, prep.不像;和...不同
unluck, adj. 不走运的;不幸的
unti, prep&pron.到...为止
unusua, adj. 不寻常的;非凡的
u, adv. 在上面;在高处;向上;起来
upstair, adj & adv. (在)楼上;(往)楼上
u, pron. 我们
us, v.用;使用;运用
use, adj.用过的，半旧的
used t, phr.过去常常
usua, adj. 通常的;平常的
usuall, adv.通常
vegetabl, n.蔬菜
ver, adv. 很;非常
very muc, phr. 很;非常
ve, n.（口语）兽医
victi, n.受害者，受骗者
vide, n.录像
villag, n.村庄;乡村
visi, v.访问;参观;拜访
visito, n.参观者;访问者
voic, n.说话声;嗓音
volleybal, n.排球
wa, v.摆动，摇动（尾巴等）
wai, v.等;等待
wait fo, phr.等候
waite, n.服务员
waiting roo, n.等候室;候诊(车;机)室
wak, v.(使)醒来
wake u, phr.醒来;唤醒
wal, v.走;步行;散步
wal, n. 墙
walle, n. 钱夹;皮夹
wan, v. 要;想要
wa, n.战争
wardrob, n. 衣柜
war, adj.暖和的;热情的
war, v.警告，提醒
wa, v.动词be(a,i,are)的过去式
was, v.洗;漱洗
washroo, n. 盥洗室;厕所
wast, adj.&n.废弃的；无用的；垃圾；废物
watc, n & v. 手表、观看;注视
watch T, phr. 看电视
watchtowe, n.监视塔，瞭望塔
wate, n.&v.水;浇水
water-sk, v.做滑水运动
wav, n.浪；波浪
wa, n. 路;道路
w, pron. 我们
wea, adj.弱的;差的
wea, v.穿
wear ou, phr.把…穿旧，磨坏
weathe, n.天气
wee, n.周;星期
weekda, n.工作日;平日(除星期六;日以外)
weeken, n.周末
welcom, v. 欢迎
wel, adj&adv.好;(身体)健康
wer, v.动词be(are)的过去式
wes, n.&adj.西方、西部(的)
wester, adj.西方的，西部的
we, adj.湿的
wha, pron. 什么
what', phr. what is 的缩写形式
whea, n.小麦
whee, n.轮;机轮
whe, conj.当......时
wheneve, conj.&adv.无论什么时候；随时
wher, adv. 在哪里
whereve, conj & adv 无论在（到）哪里；在任何地方
whethe, conj.是否
whic, pron & adj. 哪一个;哪些
whil, conj.当..时候;和..同时
whit, adj & n. 白色(的)
wh, pron. 谁
whol, adj.全部的
who, pron.谁，哪个人（who的宾格）
whos, pron. 谁的
wh, adv.为什么
wid, adj.宽的
widel, adv.广泛地，广阔地
wif, n. 妻子
wil, v.aux. 将;会;要
wi, v. 获胜;赢
win, n.风
windo, n. 窗
wind, adj.有风的;风大的
win, n.酒
winne, n. 获胜者
winte, n.冬天;冬季
wis, n&v.祝愿;希望;想要
wit, prep.对....;关于
withou, prep.无;没有;不
woma, n. 妇女;女人
wome, n. woman的复数形式
wonde, v.惊奇，惊讶（对...）感到怀
wonderfu, adj.极好的;精彩的
woo, n.木头，木材
woo, n.羊毛，绒线
woole, adj.羊毛的，毛织的
wor, n.词;单词
wor, n. 工作
worke, n. 工人
workplac, n.工作场所
wor, n.虫，蠕虫
worrie, adj.担心的;烦恼的
worr, v. (使)担忧
wors, adj.更坏;更差
wors, adj.最坏的;最恶劣的
wort, adj.值得..的，有..的价值
writ, v.写
write dow, phr.写下;记下
write, n.作家;作者
writing brus, n.毛笔
wron, adj.不正确的;错误的
yar, n.院子
yea, adv.(口语)是的;嗯
yea, n.年
yello, adj & n. 黄色(的)
ye, n.元，日元
ye, adv. (用于疑问;征询等)什么;是吗
yesterda, n&adv.昨天
ye, adv.(用于否定句)还(没)
yo-y, n.溜溜球 (一种玩具)
yo, pron. 你;你们
youn, adj. 年轻的;幼小的
you, pron. 你的;你们的
your, pron. 你的;你们的
yoursel, pron. 你自己
yourselve, pron.你们自己
zer, num. & n. 零
zo, n.动物园
